OrderID	CustomerID	EmployeeID	OrderDate	RequiredDate	ShippedDate	ShipVia	Freight	ShipName	ShipAddress	ShipCity	ShipRegion	ShipPostalCode	ShipCountry
I:10249	S:TOMSP	I:6	T:1996-07-05T00:00:00	T:1996-08-16T00:00:00	T:1996-07-10T00:00:00	I:1	F:11.61	S:Toms Spezialitäten	S:Luisenstr. 48	S:Münster	~N~	S:44087	S:Germany
I:10260	S:OTTIK	I:4	T:1996-07-19T00:00:00	T:1996-08-16T00:00:00	T:1996-07-29T00:00:00	I:1	F:55.09	S:Ottilies Käseladen	S:Mehrheimerstr. 369	S:Köln	~N~	S:50739	S:Germany
I:10267	S:FRANK	I:4	T:1996-07-29T00:00:00	T:1996-08-26T00:00:00	T:1996-08-06T00:00:00	I:1	F:208.58	S:Frankenversand	S:Berliner Platz 43	S:München	~N~	S:80805	S:Germany
I:10273	S:QUICK	I:3	T:1996-08-05T00:00:00	T:1996-09-02T00:00:00	T:1996-08-12T00:00:00	I:3	F:76.07	S:QUICK-Stop	S:Taucherstraße 10	S:Cunewalde	~N~	S:01307	S:Germany
I:10277	S:MORGK	I:2	T:1996-08-09T00:00:00	T:1996-09-06T00:00:00	T:1996-08-13T00:00:00	I:3	F:125.77	S:Morgenstern Gesundkost	S:Heerstr. 22	S:Leipzig	~N~	S:04179	S:Germany
I:10279	S:LEHMS	I:8	T:1996-08-13T00:00:00	T:1996-09-10T00:00:00	T:1996-08-16T00:00:00	I:2	F:25.83	S:Lehmanns Marktstand	S:Magazinweg 7	S:Frankfurt a.M.	~N~	S:60528	S:Germany
I:10284	S:LEHMS	I:4	T:1996-08-19T00:00:00	T:1996-09-16T00:00:00	T:1996-08-27T00:00:00	I:1	F:76.56	S:Lehmanns Marktstand	S:Magazinweg 7	S:Frankfurt a.M.	~N~	S:60528	S:Germany
I:10285	S:QUICK	I:1	T:1996-08-20T00:00:00	T:1996-09-17T00:00:00	T:1996-08-26T00:00:00	I:2	F:76.83	S:QUICK-Stop	S:Taucherstraße 10	S:Cunewalde	~N~	S:01307	S:Germany
I:10286	S:QUICK	I:8	T:1996-08-21T00:00:00	T:1996-09-18T00:00:00	T:1996-08-30T00:00:00	I:3	F:229.24	S:QUICK-Stop	S:Taucherstraße 10	S:Cunewalde	~N~	S:01307	S:Germany
I:10301	S:WANDK	I:8	T:1996-09-09T00:00:00	T:1996-10-07T00:00:00	T:1996-09-17T00:00:00	I:2	F:45.08	S:Die Wandernde Kuh	S:Adenauerallee 900	S:Stuttgart	~N~	S:70563	S:Germany
I:10312	S:WANDK	I:2	T:1996-09-23T00:00:00	T:1996-10-21T00:00:00	T:1996-10-03T00:00:00	I:2	F:40.26	S:Die Wandernde Kuh	S:Adenauerallee 900	S:Stuttgart	~N~	S:70563	S:Germany
I:10313	S:QUICK	I:2	T:1996-09-24T00:00:00	T:1996-10-22T00:00:00	T:1996-10-04T00:00:00	I:2	F:1.96	S:QUICK-Stop	S:Taucherstraße 10	S:Cunewalde	~N~	S:01307	S:Germany
I:10323	S:KOENE	I:4	T:1996-10-07T00:00:00	T:1996-11-04T00:00:00	T:1996-10-14T00:00:00	I:1	F:4.88	S:Königlich Essen	S:Maubelstr. 90	S:Brandenburg	~N~	S:14776	S:Germany
I:10325	S:KOENE	I:1	T:1996-10-09T00:00:00	T:1996-10-23T00:00:00	T:1996-10-14T00:00:00	I:3	F:64.86	S:Königlich Essen	S:Maubelstr. 90	S:Brandenburg	~N~	S:14776	S:Germany
I:10337	S:FRANK	I:4	T:1996-10-24T00:00:00	T:1996-11-21T00:00:00	T:1996-10-29T00:00:00	I:3	F:108.26	S:Frankenversand	S:Berliner Platz 43	S:München	~N~	S:80805	S:Germany
I:10342	S:FRANK	I:4	T:1996-10-30T00:00:00	T:1996-11-13T00:00:00	T:1996-11-04T00:00:00	I:2	F:54.83	S:Frankenversand	S:Berliner Platz 43	S:München	~N~	S:80805	S:Germany
I:10343	S:LEHMS	I:4	T:1996-10-31T00:00:00	T:1996-11-28T00:00:00	T:1996-11-06T00:00:00	I:1	F:110.37	S:Lehmanns Marktstand	S:Magazinweg 7	S:Frankfurt a.M.	~N~	S:60528	S:Germany
I:10345	S:QUICK	I:2	T:1996-11-04T00:00:00	T:1996-12-02T00:00:00	T:1996-11-11T00:00:00	I:2	F:249.06	S:QUICK-Stop	S:Taucherstraße 10	S:Cunewalde	~N~	S:01307	S:Germany
I:10348	S:WANDK	I:4	T:1996-11-07T00:00:00	T:1996-12-05T00:00:00	T:1996-11-15T00:00:00	I:2	F:0.78	S:Die Wandernde Kuh	S:Adenauerallee 900	S:Stuttgart	~N~	S:70563	S:Germany
I:10356	S:WANDK	I:6	T:1996-11-18T00:00:00	T:1996-12-16T00:00:00	T:1996-11-27T00:00:00	I:2	F:36.71	S:Die Wandernde Kuh	S:Adenauerallee 900	S:Stuttgart	~N~	S:70563	S:Germany
I:10361	S:QUICK	I:1	T:1996-11-22T00:00:00	T:1996-12-20T00:00:00	T:1996-12-03T00:00:00	I:2	F:183.17	S:QUICK-Stop	S:Taucherstraße 10	S:Cunewalde	~N~	S:01307	S:Germany
I:10363	S:DRACD	I:4	T:1996-11-26T00:00:00	T:1996-12-24T00:00:00	T:1996-12-04T00:00:00	I:3	F:30.54	S:Drachenblut Delikatessen	S:Walserweg 21	S:Aachen	~N~	S:52066	S:Germany
I:10391	S:DRACD	I:3	T:1996-12-23T00:00:00	T:1997-01-20T00:00:00	T:1996-12-31T00:00:00	I:3	F:5.45	S:Drachenblut Delikatessen	S:Walserweg 21	S:Aachen	~N~	S:52066	S:Germany
I:10396	S:FRANK	I:1	T:1996-12-27T00:00:00	T:1997-01-10T00:00:00	T:1997-01-06T00:00:00	I:3	F:135.35	S:Frankenversand	S:Berliner Platz 43	S:München	~N~	S:80805	S:Germany
I:10407	S:OTTIK	I:2	T:1997-01-07T00:00:00	T:1997-02-04T00:00:00	T:1997-01-30T00:00:00	I:2	F:91.48	S:Ottilies Käseladen	S:Mehrheimerstr. 369	S:Köln	~N~	S:50739	S:Germany
I:10418	S:QUICK	I:4	T:1997-01-17T00:00:00	T:1997-02-14T00:00:00	T:1997-01-24T00:00:00	I:1	F:17.55	S:QUICK-Stop	S:Taucherstraße 10	S:Cunewalde	~N~	S:01307	S:Germany
I:10438	S:TOMSP	I:3	T:1997-02-06T00:00:00	T:1997-03-06T00:00:00	T:1997-02-14T00:00:00	I:2	F:8.24	S:Toms Spezialitäten	S:Luisenstr. 48	S:Münster	~N~	S:44087	S:Germany
I:10446	S:TOMSP	I:6	T:1997-02-14T00:00:00	T:1997-03-14T00:00:00	T:1997-02-19T00:00:00	I:1	F:14.68	S:Toms Spezialitäten	S:Luisenstr. 48	S:Münster	~N~	S:44087	S:Germany
I:10451	S:QUICK	I:4	T:1997-02-19T00:00:00	T:1997-03-05T00:00:00	T:1997-03-12T00:00:00	I:3	F:189.09	S:QUICK-Stop	S:Taucherstraße 10	S:Cunewalde	~N~	S:01307	S:Germany
I:10456	S:KOENE	I:8	T:1997-02-25T00:00:00	T:1997-04-08T00:00:00	T:1997-02-28T00:00:00	I:2	F:8.12	S:Königlich Essen	S:Maubelstr. 90	S:Brandenburg	~N~	S:14776	S:Germany
I:10457	S:KOENE	I:2	T:1997-02-25T00:00:00	T:1997-03-25T00:00:00	T:1997-03-03T00:00:00	I:1	F:11.57	S:Königlich Essen	S:Maubelstr. 90	S:Brandenburg	~N~	S:14776	S:Germany
I:10468	S:KOENE	I:3	T:1997-03-07T00:00:00	T:1997-04-04T00:00:00	T:1997-03-12T00:00:00	I:3	F:44.12	S:Königlich Essen	S:Maubelstr. 90	S:Brandenburg	~N~	S:14776	S:Germany
I:10488	S:FRANK	I:8	T:1997-03-27T00:00:00	T:1997-04-24T00:00:00	T:1997-04-02T00:00:00	I:2	F:4.93	S:Frankenversand	S:Berliner Platz 43	S:München	~N~	S:80805	S:Germany
I:10497	S:LEHMS	I:7	T:1997-04-04T00:00:00	T:1997-05-02T00:00:00	T:1997-04-07T00:00:00	I:1	F:36.21	S:Lehmanns Marktstand	S:Magazinweg 7	S:Frankfurt a.M.	~N~	S:60528	S:Germany
I:10501	S:BLAUS	I:9	T:1997-04-09T00:00:00	T:1997-05-07T00:00:00	T:1997-04-16T00:00:00	I:3	F:8.85	S:Blauer See Delikatessen	S:Forsterstr. 57	S:Mannheim	~N~	S:68306	S:Germany
I:10506	S:KOENE	I:9	T:1997-04-15T00:00:00	T:1997-05-13T00:00:00	T:1997-05-02T00:00:00	I:2	F:21.19	S:Königlich Essen	S:Maubelstr. 90	S:Brandenburg	~N~	S:14776	S:Germany
I:10508	S:OTTIK	I:1	T:1997-04-16T00:00:00	T:1997-05-14T00:00:00	T:1997-05-13T00:00:00	I:2	F:4.99	S:Ottilies Käseladen	S:Mehrheimerstr. 369	S:Köln	~N~	S:50739	S:Germany
I:10509	S:BLAUS	I:4	T:1997-04-17T00:00:00	T:1997-05-15T00:00:00	T:1997-04-29T00:00:00	I:1	F:0.15	S:Blauer See Delikatessen	S:Forsterstr. 57	S:Mannheim	~N~	S:68306	S:Germany
I:10513	S:WANDK	I:7	T:1997-04-22T00:00:00	T:1997-06-03T00:00:00	T:1997-04-28T00:00:00	I:1	F:105.65	S:Die Wandernde Kuh	S:Adenauerallee 900	S:Stuttgart	~N~	S:70563	S:Germany
I:10515	S:QUICK	I:2	T:1997-04-23T00:00:00	T:1997-05-07T00:00:00	T:1997-05-23T00:00:00	I:1	F:204.47	S:QUICK-Stop	S:Taucherstraße 10	S:Cunewalde	~N~	S:01307	S:Germany
I:10522	S:LEHMS	I:4	T:1997-04-30T00:00:00	T:1997-05-28T00:00:00	T:1997-05-06T00:00:00	I:1	F:45.33	S:Lehmanns Marktstand	S:Magazinweg 7	S:Frankfurt a.M.	~N~	S:60528	S:Germany
I:10527	S:QUICK	I:7	T:1997-05-05T00:00:00	T:1997-06-02T00:00:00	T:1997-05-07T00:00:00	I:1	F:41.9	S:QUICK-Stop	S:Taucherstraße 10	S:Cunewalde	~N~	S:01307	S:Germany
I:10534	S:LEHMS	I:8	T:1997-05-12T00:00:00	T:1997-06-09T00:00:00	T:1997-05-14T00:00:00	I:2	F:27.94	S:Lehmanns Marktstand	S:Magazinweg 7	S:Frankfurt a.M.	~N~	S:60528	S:Germany
I:10536	S:LEHMS	I:3	T:1997-05-14T00:00:00	T:1997-06-11T00:00:00	T:1997-06-06T00:00:00	I:2	F:58.88	S:Lehmanns Marktstand	S:Magazinweg 7	S:Frankfurt a.M.	~N~	S:60528	S:Germany
I:10540	S:QUICK	I:3	T:1997-05-19T00:00:00	T:1997-06-16T00:00:00	T:1997-06-13T00:00:00	I:3	F:1007.64	S:QUICK-Stop	S:Taucherstraße 10	S:Cunewalde	~N~	S:01307	S:Germany
I:10542	S:KOENE	I:1	T:1997-05-20T00:00:00	T:1997-06-17T00:00:00	T:1997-05-26T00:00:00	I:3	F:10.95	S:Königlich Essen	S:Maubelstr. 90	S:Brandenburg	~N~	S:14776	S:Germany
I:10548	S:TOMSP	I:3	T:1997-05-26T00:00:00	T:1997-06-23T00:00:00	T:1997-06-02T00:00:00	I:2	F:1.43	S:Toms Spezialitäten	S:Luisenstr. 48	S:Münster	~N~	S:44087	S:Germany
I:10549	S:QUICK	I:5	T:1997-05-27T00:00:00	T:1997-06-10T00:00:00	T:1997-05-30T00:00:00	I:1	F:171.24	S:QUICK-Stop	S:Taucherstraße 10	S:Cunewalde	~N~	S:01307	S:Germany
I:10554	S:OTTIK	I:4	T:1997-05-30T00:00:00	T:1997-06-27T00:00:00	T:1997-06-05T00:00:00	I:3	F:120.97	S:Ottilies Käseladen	S:Mehrheimerstr. 369	S:Köln	~N~	S:50739	S:Germany
I:10557	S:LEHMS	I:9	T:1997-06-03T00:00:00	T:1997-06-17T00:00:00	T:1997-06-06T00:00:00	I:2	F:96.72	S:Lehmanns Marktstand	S:Magazinweg 7	S:Frankfurt a.M.	~N~	S:60528	S:Germany
I:10560	S:FRANK	I:8	T:1997-06-06T00:00:00	T:1997-07-04T00:00:00	T:1997-06-09T00:00:00	I:1	F:36.65	S:Frankenversand	S:Berliner Platz 43	S:München	~N~	S:80805	S:Germany
I:10575	S:MORGK	I:5	T:1997-06-20T00:00:00	T:1997-07-04T00:00:00	T:1997-06-30T00:00:00	I:1	F:127.34	S:Morgenstern Gesundkost	S:Heerstr. 22	S:Leipzig	~N~	S:04179	S:Germany
I:10580	S:OTTIK	I:4	T:1997-06-26T00:00:00	T:1997-07-24T00:00:00	T:1997-07-01T00:00:00	I:3	F:75.89	S:Ottilies Käseladen	S:Mehrheimerstr. 369	S:Köln	~N~	S:50739	S:Germany
I:10582	S:BLAUS	I:3	T:1997-06-27T00:00:00	T:1997-07-25T00:00:00	T:1997-07-14T00:00:00	I:2	F:27.71	S:Blauer See Delikatessen	S:Forsterstr. 57	S:Mannheim	~N~	S:68306	S:Germany
I:10588	S:QUICK	I:2	T:1997-07-03T00:00:00	T:1997-07-31T00:00:00	T:1997-07-10T00:00:00	I:3	F:194.67	S:QUICK-Stop	S:Taucherstraße 10	S:Cunewalde	~N~	S:01307	S:Germany
I:10592	S:LEHMS	I:3	T:1997-07-08T00:00:00	T:1997-08-05T00:00:00	T:1997-07-16T00:00:00	I:1	F:32.1	S:Lehmanns Marktstand	S:Magazinweg 7	S:Frankfurt a.M.	~N~	S:60528	S:Germany
I:10593	S:LEHMS	I:7	T:1997-07-09T00:00:00	T:1997-08-06T00:00:00	T:1997-08-13T00:00:00	I:2	F:174.2	S:Lehmanns Marktstand	S:Magazinweg 7	S:Frankfurt a.M.	~N~	S:60528	S:Germany
I:10608	S:TOMSP	I:4	T:1997-07-23T00:00:00	T:1997-08-20T00:00:00	T:1997-08-01T00:00:00	I:2	F:27.79	S:Toms Spezialitäten	S:Luisenstr. 48	S:Münster	~N~	S:44087	S:Germany
I:10614	S:BLAUS	I:8	T:1997-07-29T00:00:00	T:1997-08-26T00:00:00	T:1997-08-01T00:00:00	I:3	F:1.93	S:Blauer See Delikatessen	S:Forsterstr. 57	S:Mannheim	~N~	S:68306	S:Germany
I:10623	S:FRANK	I:8	T:1997-08-07T00:00:00	T:1997-09-04T00:00:00	T:1997-08-12T00:00:00	I:2	F:97.18	S:Frankenversand	S:Berliner Platz 43	S:München	~N~	S:80805	S:Germany
I:10630	S:KOENE	I:1	T:1997-08-13T00:00:00	T:1997-09-10T00:00:00	T:1997-08-19T00:00:00	I:2	F:32.35	S:Königlich Essen	S:Maubelstr. 90	S:Brandenburg	~N~	S:14776	S:Germany
I:10632	S:WANDK	I:8	T:1997-08-14T00:00:00	T:1997-09-11T00:00:00	T:1997-08-19T00:00:00	I:1	F:41.38	S:Die Wandernde Kuh	S:Adenauerallee 900	S:Stuttgart	~N~	S:70563	S:Germany
I:10640	S:WANDK	I:4	T:1997-08-21T00:00:00	T:1997-09-18T00:00:00	T:1997-08-28T00:00:00	I:1	F:23.55	S:Die Wandernde Kuh	S:Adenauerallee 900	S:Stuttgart	~N~	S:70563	S:Germany
I:10643	S:ALFKI	I:6	T:1997-08-25T00:00:00	T:1997-09-22T00:00:00	T:1997-09-02T00:00:00	I:1	F:29.46	S:Alfreds Futterkiste	S:Obere Str. 57	S:Berlin	~N~	S:12209	S:Germany
I:10651	S:WANDK	I:8	T:1997-09-01T00:00:00	T:1997-09-29T00:00:00	T:1997-09-11T00:00:00	I:2	F:20.6	S:Die Wandernde Kuh	S:Adenauerallee 900	S:Stuttgart	~N~	S:70563	S:Germany
I:10653	S:FRANK	I:1	T:1997-09-02T00:00:00	T:1997-09-30T00:00:00	T:1997-09-19T00:00:00	I:1	F:93.25	S:Frankenversand	S:Berliner Platz 43	S:München	~N~	S:80805	S:Germany
I:10658	S:QUICK	I:4	T:1997-09-05T00:00:00	T:1997-10-03T00:00:00	T:1997-09-08T00:00:00	I:1	F:364.15	S:QUICK-Stop	S:Taucherstraße 10	S:Cunewalde	~N~	S:01307	S:Germany
I:10668	S:WANDK	I:1	T:1997-09-15T00:00:00	T:1997-10-13T00:00:00	T:1997-09-23T00:00:00	I:2	F:47.22	S:Die Wandernde Kuh	S:Adenauerallee 900	S:Stuttgart	~N~	S:70563	S:Germany
I:10670	S:FRANK	I:4	T:1997-09-16T00:00:00	T:1997-10-14T00:00:00	T:1997-09-18T00:00:00	I:1	F:203.48	S:Frankenversand	S:Berliner Platz 43	S:München	~N~	S:80805	S:Germany
I:10675	S:FRANK	I:5	T:1997-09-19T00:00:00	T:1997-10-17T00:00:00	T:1997-09-23T00:00:00	I:2	F:31.85	S:Frankenversand	S:Berliner Platz 43	S:München	~N~	S:80805	S:Germany
I:10684	S:OTTIK	I:3	T:1997-09-26T00:00:00	T:1997-10-24T00:00:00	T:1997-09-30T00:00:00	I:1	F:145.63	S:Ottilies Käseladen	S:Mehrheimerstr. 369	S:Köln	~N~	S:50739	S:Germany
I:10691	S:QUICK	I:2	T:1997-10-03T00:00:00	T:1997-11-14T00:00:00	T:1997-10-22T00:00:00	I:2	F:810.05	S:QUICK-Stop	S:Taucherstraße 10	S:Cunewalde	~N~	S:01307	S:Germany
I:10692	S:ALFKI	I:4	T:1997-10-03T00:00:00	T:1997-10-31T00:00:00	T:1997-10-13T00:00:00	I:2	F:61.02	S:Alfred's Futterkiste	S:Obere Str. 57	S:Berlin	~N~	S:12209	S:Germany
I:10694	S:QUICK	I:8	T:1997-10-06T00:00:00	T:1997-11-03T00:00:00	T:1997-10-09T00:00:00	I:3	F:398.36	S:QUICK-Stop	S:Taucherstraße 10	S:Cunewalde	~N~	S:01307	S:Germany
I:10699	S:MORGK	I:3	T:1997-10-09T00:00:00	T:1997-11-06T00:00:00	T:1997-10-13T00:00:00	I:3	F:0.58	S:Morgenstern Gesundkost	S:Heerstr. 22	S:Leipzig	~N~	S:04179	S:Germany
I:10702	S:ALFKI	I:4	T:1997-10-13T00:00:00	T:1997-11-24T00:00:00	T:1997-10-21T00:00:00	I:1	F:23.94	S:Alfred's Futterkiste	S:Obere Str. 57	S:Berlin	~N~	S:12209	S:Germany
I:10717	S:FRANK	I:1	T:1997-10-24T00:00:00	T:1997-11-21T00:00:00	T:1997-10-29T00:00:00	I:2	F:59.25	S:Frankenversand	S:Berliner Platz 43	S:München	~N~	S:80805	S:Germany
I:10718	S:KOENE	I:1	T:1997-10-27T00:00:00	T:1997-11-24T00:00:00	T:1997-10-29T00:00:00	I:3	F:170.88	S:Königlich Essen	S:Maubelstr. 90	S:Brandenburg	~N~	S:14776	S:Germany
I:10721	S:QUICK	I:5	T:1997-10-29T00:00:00	T:1997-11-26T00:00:00	T:1997-10-31T00:00:00	I:3	F:48.92	S:QUICK-Stop	S:Taucherstraße 10	S:Cunewalde	~N~	S:01307	S:Germany
I:10745	S:QUICK	I:9	T:1997-11-18T00:00:00	T:1997-12-16T00:00:00	T:1997-11-27T00:00:00	I:1	F:3.52	S:QUICK-Stop	S:Taucherstraße 10	S:Cunewalde	~N~	S:01307	S:Germany
I:10765	S:QUICK	I:3	T:1997-12-04T00:00:00	T:1998-01-01T00:00:00	T:1997-12-09T00:00:00	I:3	F:42.74	S:QUICK-Stop	S:Taucherstraße 10	S:Cunewalde	~N~	S:01307	S:Germany
I:10766	S:OTTIK	I:4	T:1997-12-05T00:00:00	T:1998-01-02T00:00:00	T:1997-12-09T00:00:00	I:1	F:157.55	S:Ottilies Käseladen	S:Mehrheimerstr. 369	S:Köln	~N~	S:50739	S:Germany
I:10772	S:LEHMS	I:3	T:1997-12-10T00:00:00	T:1998-01-07T00:00:00	T:1997-12-19T00:00:00	I:2	F:91.28	S:Lehmanns Marktstand	S:Magazinweg 7	S:Frankfurt a.M.	~N~	S:60528	S:Germany
I:10779	S:MORGK	I:3	T:1997-12-16T00:00:00	T:1998-01-13T00:00:00	T:1998-01-14T00:00:00	I:2	F:58.13	S:Morgenstern Gesundkost	S:Heerstr. 22	S:Leipzig	~N~	S:04179	S:Germany
I:10788	S:QUICK	I:1	T:1997-12-22T00:00:00	T:1998-01-19T00:00:00	T:1998-01-19T00:00:00	I:2	F:42.7	S:QUICK-Stop	S:Taucherstraße 10	S:Cunewalde	~N~	S:01307	S:Germany
I:10791	S:FRANK	I:6	T:1997-12-23T00:00:00	T:1998-01-20T00:00:00	T:1998-01-01T00:00:00	I:2	F:16.85	S:Frankenversand	S:Berliner Platz 43	S:München	~N~	S:80805	S:Germany
I:10797	S:DRACD	I:7	T:1997-12-25T00:00:00	T:1998-01-22T00:00:00	T:1998-01-05T00:00:00	I:2	F:33.35	S:Drachenblut Delikatessen	S:Walserweg 21	S:Aachen	~N~	S:52066	S:Germany
I:10799	S:KOENE	I:9	T:1997-12-26T00:00:00	T:1998-02-06T00:00:00	T:1998-01-05T00:00:00	I:3	F:30.76	S:Königlich Essen	S:Maubelstr. 90	S:Brandenburg	~N~	S:14776	S:Germany
I:10817	S:KOENE	I:3	T:1998-01-06T00:00:00	T:1998-01-20T00:00:00	T:1998-01-13T00:00:00	I:2	F:306.07	S:Königlich Essen	S:Maubelstr. 90	S:Brandenburg	~N~	S:14776	S:Germany
I:10825	S:DRACD	I:1	T:1998-01-09T00:00:00	T:1998-02-06T00:00:00	T:1998-01-14T00:00:00	I:1	F:79.25	S:Drachenblut Delikatessen	S:Walserweg 21	S:Aachen	~N~	S:52066	S:Germany
I:10833	S:OTTIK	I:6	T:1998-01-15T00:00:00	T:1998-02-12T00:00:00	T:1998-01-23T00:00:00	I:2	F:71.49	S:Ottilies Käseladen	S:Mehrheimerstr. 369	S:Köln	~N~	S:50739	S:Germany
I:10835	S:ALFKI	I:1	T:1998-01-15T00:00:00	T:1998-02-12T00:00:00	T:1998-01-21T00:00:00	I:3	F:69.53	S:Alfred's Futterkiste	S:Obere Str. 57	S:Berlin	~N~	S:12209	S:Germany
I:10845	S:QUICK	I:8	T:1998-01-21T00:00:00	T:1998-02-04T00:00:00	T:1998-01-30T00:00:00	I:1	F:212.98	S:QUICK-Stop	S:Taucherstraße 10	S:Cunewalde	~N~	S:01307	S:Germany
I:10849	S:KOENE	I:9	T:1998-01-23T00:00:00	T:1998-02-20T00:00:00	T:1998-01-30T00:00:00	I:2	F:0.56	S:Königlich Essen	S:Maubelstr. 90	S:Brandenburg	~N~	S:14776	S:Germany
I:10853	S:BLAUS	I:9	T:1998-01-27T00:00:00	T:1998-02-24T00:00:00	T:1998-02-03T00:00:00	I:2	F:53.83	S:Blauer See Delikatessen	S:Forsterstr. 57	S:Mannheim	~N~	S:68306	S:Germany
I:10859	S:FRANK	I:1	T:1998-01-29T00:00:00	T:1998-02-26T00:00:00	T:1998-02-02T00:00:00	I:2	F:76.1	S:Frankenversand	S:Berliner Platz 43	S:München	~N~	S:80805	S:Germany
I:10862	S:LEHMS	I:8	T:1998-01-30T00:00:00	T:1998-03-13T00:00:00	T:1998-02-02T00:00:00	I:2	F:53.23	S:Lehmanns Marktstand	S:Magazinweg 7	S:Frankfurt a.M.	~N~	S:60528	S:Germany
I:10865	S:QUICK	I:2	T:1998-02-02T00:00:00	T:1998-02-16T00:00:00	T:1998-02-12T00:00:00	I:1	F:348.14	S:QUICK-Stop	S:Taucherstraße 10	S:Cunewalde	~N~	S:01307	S:Germany
I:10878	S:QUICK	I:4	T:1998-02-10T00:00:00	T:1998-03-10T00:00:00	T:1998-02-12T00:00:00	I:1	F:46.69	S:QUICK-Stop	S:Taucherstraße 10	S:Cunewalde	~N~	S:01307	S:Germany
I:10891	S:LEHMS	I:7	T:1998-02-17T00:00:00	T:1998-03-17T00:00:00	T:1998-02-19T00:00:00	I:2	F:20.37	S:Lehmanns Marktstand	S:Magazinweg 7	S:Frankfurt a.M.	~N~	S:60528	S:Germany
I:10893	S:KOENE	I:9	T:1998-02-18T00:00:00	T:1998-03-18T00:00:00	T:1998-02-20T00:00:00	I:2	F:77.78	S:Königlich Essen	S:Maubelstr. 90	S:Brandenburg	~N~	S:14776	S:Germany
I:10929	S:FRANK	I:6	T:1998-03-05T00:00:00	T:1998-04-02T00:00:00	T:1998-03-12T00:00:00	I:1	F:33.93	S:Frankenversand	S:Berliner Platz 43	S:München	~N~	S:80805	S:Germany
I:10934	S:LEHMS	I:3	T:1998-03-09T00:00:00	T:1998-04-06T00:00:00	T:1998-03-12T00:00:00	I:3	F:32.01	S:Lehmanns Marktstand	S:Magazinweg 7	S:Frankfurt a.M.	~N~	S:60528	S:Germany
I:10938	S:QUICK	I:3	T:1998-03-10T00:00:00	T:1998-04-07T00:00:00	T:1998-03-16T00:00:00	I:2	F:31.89	S:QUICK-Stop	S:Taucherstraße 10	S:Cunewalde	~N~	S:01307	S:Germany
I:10945	S:MORGK	I:4	T:1998-03-12T00:00:00	T:1998-04-09T00:00:00	T:1998-03-18T00:00:00	I:1	F:10.22	S:Morgenstern Gesundkost	S:Heerstr. 22	S:Leipzig	~N~	S:04179	S:Germany
I:10952	S:ALFKI	I:1	T:1998-03-16T00:00:00	T:1998-04-27T00:00:00	T:1998-03-24T00:00:00	I:1	F:40.42	S:Alfred's Futterkiste	S:Obere Str. 57	S:Berlin	~N~	S:12209	S:Germany
I:10956	S:BLAUS	I:6	T:1998-03-17T00:00:00	T:1998-04-28T00:00:00	T:1998-03-20T00:00:00	I:2	F:44.65	S:Blauer See Delikatessen	S:Forsterstr. 57	S:Mannheim	~N~	S:68306	S:Germany
I:10962	S:QUICK	I:8	T:1998-03-19T00:00:00	T:1998-04-16T00:00:00	T:1998-03-23T00:00:00	I:2	F:275.79	S:QUICK-Stop	S:Taucherstraße 10	S:Cunewalde	~N~	S:01307	S:Germany
I:10967	S:TOMSP	I:2	T:1998-03-23T00:00:00	T:1998-04-20T00:00:00	T:1998-04-02T00:00:00	I:2	F:62.22	S:Toms Spezialitäten	S:Luisenstr. 48	S:Münster	~N~	S:44087	S:Germany
I:10991	S:QUICK	I:1	T:1998-04-01T00:00:00	T:1998-04-29T00:00:00	T:1998-04-07T00:00:00	I:1	F:38.51	S:QUICK-Stop	S:Taucherstraße 10	S:Cunewalde	~N~	S:01307	S:Germany
I:10996	S:QUICK	I:4	T:1998-04-02T00:00:00	T:1998-04-30T00:00:00	T:1998-04-10T00:00:00	I:2	F:1.12	S:QUICK-Stop	S:Taucherstraße 10	S:Cunewalde	~N~	S:01307	S:Germany
I:10999	S:OTTIK	I:6	T:1998-04-03T00:00:00	T:1998-05-01T00:00:00	T:1998-04-10T00:00:00	I:2	F:96.35	S:Ottilies Käseladen	S:Mehrheimerstr. 369	S:Köln	~N~	S:50739	S:Germany
I:11011	S:ALFKI	I:3	T:1998-04-09T00:00:00	T:1998-05-07T00:00:00	T:1998-04-13T00:00:00	I:1	F:1.21	S:Alfred's Futterkiste	S:Obere Str. 57	S:Berlin	~N~	S:12209	S:Germany
I:11012	S:FRANK	I:1	T:1998-04-09T00:00:00	T:1998-04-23T00:00:00	T:1998-04-17T00:00:00	I:3	F:242.95	S:Frankenversand	S:Berliner Platz 43	S:München	~N~	S:80805	S:Germany
I:11020	S:OTTIK	I:2	T:1998-04-14T00:00:00	T:1998-05-12T00:00:00	T:1998-04-16T00:00:00	I:2	F:43.3	S:Ottilies Käseladen	S:Mehrheimerstr. 369	S:Köln	~N~	S:50739	S:Germany
I:11021	S:QUICK	I:3	T:1998-04-14T00:00:00	T:1998-05-12T00:00:00	T:1998-04-21T00:00:00	I:1	F:297.18	S:QUICK-Stop	S:Taucherstraße 10	S:Cunewalde	~N~	S:01307	S:Germany
I:11028	S:KOENE	I:2	T:1998-04-16T00:00:00	T:1998-05-14T00:00:00	T:1998-04-22T00:00:00	I:1	F:29.59	S:Königlich Essen	S:Maubelstr. 90	S:Brandenburg	~N~	S:14776	S:Germany
I:11036	S:DRACD	I:8	T:1998-04-20T00:00:00	T:1998-05-18T00:00:00	T:1998-04-22T00:00:00	I:3	F:149.47	S:Drachenblut Delikatessen	S:Walserweg 21	S:Aachen	~N~	S:52066	S:Germany
I:11046	S:WANDK	I:8	T:1998-04-23T00:00:00	T:1998-05-21T00:00:00	T:1998-04-24T00:00:00	I:2	F:71.64	S:Die Wandernde Kuh	S:Adenauerallee 900	S:Stuttgart	~N~	S:70563	S:Germany
I:11058	S:BLAUS	I:9	T:1998-04-29T00:00:00	T:1998-05-27T00:00:00	~N~	I:3	F:31.14	S:Blauer See Delikatessen	S:Forsterstr. 57	S:Mannheim	~N~	S:68306	S:Germany
I:11067	S:DRACD	I:1	T:1998-05-04T00:00:00	T:1998-05-18T00:00:00	T:1998-05-06T00:00:00	I:2	F:7.98	S:Drachenblut Delikatessen	S:Walserweg 21	S:Aachen	~N~	S:52066	S:Germany
I:11070	S:LEHMS	I:2	T:1998-05-05T00:00:00	T:1998-06-02T00:00:00	~N~	I:1	F:136	S:Lehmanns Marktstand	S:Magazinweg 7	S:Frankfurt a.M.	~N~	S:60528	S:Germany
I:10248	S:VINET	I:5	T:1996-07-04T00:00:00	T:1996-08-01T00:00:00	T:1996-07-16T00:00:00	I:3	F:32.38	S:Vins et alcools Chevalier	S:59 rue de l'Abbaye	S:Reims	~N~	S:51100	S:France
I:10251	S:VICTE	I:3	T:1996-07-08T00:00:00	T:1996-08-05T00:00:00	T:1996-07-15T00:00:00	I:1	F:41.34	S:Victuailles en stock	S:2, rue du Commerce	S:Lyon	~N~	S:69004	S:France
I:10265	S:BLONP	I:2	T:1996-07-25T00:00:00	T:1996-08-22T00:00:00	T:1996-08-12T00:00:00	I:1	F:55.28	S:Blondel père et fils	S:24, place Kléber	S:Strasbourg	~N~	S:67000	S:France
I:10274	S:VINET	I:6	T:1996-08-06T00:00:00	T:1996-09-03T00:00:00	T:1996-08-16T00:00:00	I:1	F:6.01	S:Vins et alcools Chevalier	S:59 rue de l'Abbaye	S:Reims	~N~	S:51100	S:France
I:10295	S:VINET	I:2	T:1996-09-02T00:00:00	T:1996-09-30T00:00:00	T:1996-09-10T00:00:00	I:2	F:1.15	S:Vins et alcools Chevalier	S:59 rue de l'Abbaye	S:Reims	~N~	S:51100	S:France
I:10297	S:BLONP	I:5	T:1996-09-04T00:00:00	T:1996-10-16T00:00:00	T:1996-09-10T00:00:00	I:2	F:5.74	S:Blondel père et fils	S:24, place Kléber	S:Strasbourg	~N~	S:67000	S:France
I:10311	S:DUMON	I:1	T:1996-09-20T00:00:00	T:1996-10-04T00:00:00	T:1996-09-26T00:00:00	I:3	F:24.69	S:Du monde entier	S:67, rue des Cinquante Otages	S:Nantes	~N~	S:44000	S:France
I:10331	S:BONAP	I:9	T:1996-10-16T00:00:00	T:1996-11-27T00:00:00	T:1996-10-21T00:00:00	I:1	F:10.19	S:Bon app'	S:12, rue des Bouchers	S:Marseille	~N~	S:13008	S:France
I:10334	S:VICTE	I:8	T:1996-10-21T00:00:00	T:1996-11-18T00:00:00	T:1996-10-28T00:00:00	I:2	F:8.56	S:Victuailles en stock	S:2, rue du Commerce	S:Lyon	~N~	S:69004	S:France
I:10340	S:BONAP	I:1	T:1996-10-29T00:00:00	T:1996-11-26T00:00:00	T:1996-11-08T00:00:00	I:3	F:166.31	S:Bon app'	S:12, rue des Bouchers	S:Marseille	~N~	S:13008	S:France
I:10350	S:LAMAI	I:6	T:1996-11-11T00:00:00	T:1996-12-09T00:00:00	T:1996-12-03T00:00:00	I:2	F:64.19	S:La maison d'Asie	S:1 rue Alsace-Lorraine	S:Toulouse	~N~	S:31000	S:France
I:10358	S:LAMAI	I:5	T:1996-11-20T00:00:00	T:1996-12-18T00:00:00	T:1996-11-27T00:00:00	I:1	F:19.64	S:La maison d'Asie	S:1 rue Alsace-Lorraine	S:Toulouse	~N~	S:31000	S:France
I:10360	S:BLONP	I:4	T:1996-11-22T00:00:00	T:1996-12-20T00:00:00	T:1996-12-02T00:00:00	I:3	F:131.7	S:Blondel père et fils	S:24, place Kléber	S:Strasbourg	~N~	S:67000	S:France
I:10362	S:BONAP	I:3	T:1996-11-25T00:00:00	T:1996-12-23T00:00:00	T:1996-11-28T00:00:00	I:1	F:96.04	S:Bon app'	S:12, rue des Bouchers	S:Marseille	~N~	S:13008	S:France
I:10371	S:LAMAI	I:1	T:1996-12-03T00:00:00	T:1996-12-31T00:00:00	T:1996-12-24T00:00:00	I:1	F:0.45	S:La maison d'Asie	S:1 rue Alsace-Lorraine	S:Toulouse	~N~	S:31000	S:France
I:10408	S:FOLIG	I:8	T:1997-01-08T00:00:00	T:1997-02-05T00:00:00	T:1997-01-14T00:00:00	I:1	F:11.26	S:Folies gourmandes	S:184, chaussée de Tournai	S:Lille	~N~	S:59000	S:France
I:10413	S:LAMAI	I:3	T:1997-01-14T00:00:00	T:1997-02-11T00:00:00	T:1997-01-16T00:00:00	I:2	F:95.66	S:La maison d'Asie	S:1 rue Alsace-Lorraine	S:Toulouse	~N~	S:31000	S:France
I:10425	S:LAMAI	I:6	T:1997-01-24T00:00:00	T:1997-02-21T00:00:00	T:1997-02-14T00:00:00	I:2	F:7.93	S:La maison d'Asie	S:1 rue Alsace-Lorraine	S:Toulouse	~N~	S:31000	S:France
I:10436	S:BLONP	I:3	T:1997-02-05T00:00:00	T:1997-03-05T00:00:00	T:1997-02-11T00:00:00	I:2	F:156.66	S:Blondel père et fils	S:24, place Kléber	S:Strasbourg	~N~	S:67000	S:France
I:10449	S:BLONP	I:3	T:1997-02-18T00:00:00	T:1997-03-18T00:00:00	T:1997-02-27T00:00:00	I:2	F:53.3	S:Blondel père et fils	S:24, place Kléber	S:Strasbourg	~N~	S:67000	S:France
I:10450	S:VICTE	I:8	T:1997-02-19T00:00:00	T:1997-03-19T00:00:00	T:1997-03-11T00:00:00	I:2	F:7.23	S:Victuailles en stock	S:2, rue du Commerce	S:Lyon	~N~	S:69004	S:France
I:10454	S:LAMAI	I:4	T:1997-02-21T00:00:00	T:1997-03-21T00:00:00	T:1997-02-25T00:00:00	I:3	F:2.74	S:La maison d'Asie	S:1 rue Alsace-Lorraine	S:Toulouse	~N~	S:31000	S:France
I:10459	S:VICTE	I:4	T:1997-02-27T00:00:00	T:1997-03-27T00:00:00	T:1997-02-28T00:00:00	I:2	F:25.09	S:Victuailles en stock	S:2, rue du Commerce	S:Lyon	~N~	S:69004	S:France
I:10470	S:BONAP	I:4	T:1997-03-11T00:00:00	T:1997-04-08T00:00:00	T:1997-03-14T00:00:00	I:2	F:64.56	S:Bon app'	S:12, rue des Bouchers	S:Marseille	~N~	S:13008	S:France
I:10478	S:VICTE	I:2	T:1997-03-18T00:00:00	T:1997-04-01T00:00:00	T:1997-03-26T00:00:00	I:3	F:4.81	S:Victuailles en stock	S:2, rue du Commerce	S:Lyon	~N~	S:69004	S:France
I:10480	S:FOLIG	I:6	T:1997-03-20T00:00:00	T:1997-04-17T00:00:00	T:1997-03-24T00:00:00	I:2	F:1.35	S:Folies gourmandes	S:184, chaussée de Tournai	S:Lille	~N~	S:59000	S:France
I:10493	S:LAMAI	I:4	T:1997-04-02T00:00:00	T:1997-04-30T00:00:00	T:1997-04-10T00:00:00	I:3	F:10.64	S:La maison d'Asie	S:1 rue Alsace-Lorraine	S:Toulouse	~N~	S:31000	S:France
I:10500	S:LAMAI	I:6	T:1997-04-09T00:00:00	T:1997-05-07T00:00:00	T:1997-04-17T00:00:00	I:1	F:42.68	S:La maison d'Asie	S:1 rue Alsace-Lorraine	S:Toulouse	~N~	S:31000	S:France
I:10511	S:BONAP	I:4	T:1997-04-18T00:00:00	T:1997-05-16T00:00:00	T:1997-04-21T00:00:00	I:3	F:350.64	S:Bon app'	S:12, rue des Bouchers	S:Marseille	~N~	S:13008	S:France
I:10525	S:BONAP	I:1	T:1997-05-02T00:00:00	T:1997-05-30T00:00:00	T:1997-05-23T00:00:00	I:2	F:11.06	S:Bon app'	S:12, rue des Bouchers	S:Marseille	~N~	S:13008	S:France
I:10546	S:VICTE	I:1	T:1997-05-23T00:00:00	T:1997-06-20T00:00:00	T:1997-05-27T00:00:00	I:3	F:194.72	S:Victuailles en stock	S:2, rue du Commerce	S:Lyon	~N~	S:69004	S:France
I:10559	S:BLONP	I:6	T:1997-06-05T00:00:00	T:1997-07-03T00:00:00	T:1997-06-13T00:00:00	I:1	F:8.05	S:Blondel père et fils	S:24, place Kléber	S:Strasbourg	~N~	S:67000	S:France
I:10566	S:BLONP	I:9	T:1997-06-12T00:00:00	T:1997-07-10T00:00:00	T:1997-06-18T00:00:00	I:1	F:88.4	S:Blondel père et fils	S:24, place Kléber	S:Strasbourg	~N~	S:67000	S:France
I:10584	S:BLONP	I:4	T:1997-06-30T00:00:00	T:1997-07-28T00:00:00	T:1997-07-04T00:00:00	I:1	F:59.14	S:Blondel père et fils	S:24, place Kléber	S:Strasbourg	~N~	S:67000	S:France
I:10609	S:DUMON	I:7	T:1997-07-24T00:00:00	T:1997-08-21T00:00:00	T:1997-07-30T00:00:00	I:2	F:1.85	S:Du monde entier	S:67, rue des Cinquante Otages	S:Nantes	~N~	S:44000	S:France
I:10610	S:LAMAI	I:8	T:1997-07-25T00:00:00	T:1997-08-22T00:00:00	T:1997-08-06T00:00:00	I:1	F:26.78	S:La maison d'Asie	S:1 rue Alsace-Lorraine	S:Toulouse	~N~	S:31000	S:France
I:10628	S:BLONP	I:4	T:1997-08-12T00:00:00	T:1997-09-09T00:00:00	T:1997-08-20T00:00:00	I:3	F:30.36	S:Blondel père et fils	S:24, place Kléber	S:Strasbourg	~N~	S:67000	S:France
I:10631	S:LAMAI	I:8	T:1997-08-14T00:00:00	T:1997-09-11T00:00:00	T:1997-08-15T00:00:00	I:1	F:0.87	S:La maison d'Asie	S:1 rue Alsace-Lorraine	S:Toulouse	~N~	S:31000	S:France
I:10634	S:FOLIG	I:4	T:1997-08-15T00:00:00	T:1997-09-12T00:00:00	T:1997-08-21T00:00:00	I:3	F:487.38	S:Folies gourmandes	S:184, chaussée de Tournai	S:Lille	~N~	S:59000	S:France
I:10663	S:BONAP	I:2	T:1997-09-10T00:00:00	T:1997-09-24T00:00:00	T:1997-10-03T00:00:00	I:2	F:113.15	S:Bon app'	S:12, rue des Bouchers	S:Marseille	~N~	S:13008	S:France
I:10671	S:FRANR	I:1	T:1997-09-17T00:00:00	T:1997-10-15T00:00:00	T:1997-09-24T00:00:00	I:1	F:30.34	S:France restauration	S:54, rue Royale	S:Nantes	~N~	S:44000	S:France
I:10679	S:BLONP	I:8	T:1997-09-23T00:00:00	T:1997-10-21T00:00:00	T:1997-09-30T00:00:00	I:3	F:27.94	S:Blondel père et fils	S:24, place Kléber	S:Strasbourg	~N~	S:67000	S:France
I:10683	S:DUMON	I:2	T:1997-09-26T00:00:00	T:1997-10-24T00:00:00	T:1997-10-01T00:00:00	I:1	F:4.4	S:Du monde entier	S:67, rue des Cinquante Otages	S:Nantes	~N~	S:44000	S:France
I:10715	S:BONAP	I:3	T:1997-10-23T00:00:00	T:1997-11-06T00:00:00	T:1997-10-29T00:00:00	I:1	F:63.2	S:Bon app'	S:12, rue des Bouchers	S:Marseille	~N~	S:13008	S:France
I:10730	S:BONAP	I:5	T:1997-11-05T00:00:00	T:1997-12-03T00:00:00	T:1997-11-14T00:00:00	I:1	F:20.12	S:Bon app'	S:12, rue des Bouchers	S:Marseille	~N~	S:13008	S:France
I:10732	S:BONAP	I:3	T:1997-11-06T00:00:00	T:1997-12-04T00:00:00	T:1997-11-07T00:00:00	I:1	F:16.97	S:Bon app'	S:12, rue des Bouchers	S:Marseille	~N~	S:13008	S:France
I:10737	S:VINET	I:2	T:1997-11-11T00:00:00	T:1997-12-09T00:00:00	T:1997-11-18T00:00:00	I:2	F:7.79	S:Vins et alcools Chevalier	S:59 rue de l'Abbaye	S:Reims	~N~	S:51100	S:France
I:10738	S:SPECD	I:2	T:1997-11-12T00:00:00	T:1997-12-10T00:00:00	T:1997-11-18T00:00:00	I:1	F:2.91	S:Spécialités du monde	S:25, rue Lauriston	S:Paris	~N~	S:75016	S:France
I:10739	S:VINET	I:3	T:1997-11-12T00:00:00	T:1997-12-10T00:00:00	T:1997-11-17T00:00:00	I:3	F:11.08	S:Vins et alcools Chevalier	S:59 rue de l'Abbaye	S:Reims	~N~	S:51100	S:France
I:10755	S:BONAP	I:4	T:1997-11-26T00:00:00	T:1997-12-24T00:00:00	T:1997-11-28T00:00:00	I:2	F:16.71	S:Bon app'	S:12, rue des Bouchers	S:Marseille	~N~	S:13008	S:France
I:10763	S:FOLIG	I:3	T:1997-12-03T00:00:00	T:1997-12-31T00:00:00	T:1997-12-08T00:00:00	I:3	F:37.35	S:Folies gourmandes	S:184, chaussée de Tournai	S:Lille	~N~	S:59000	S:France
I:10787	S:LAMAI	I:2	T:1997-12-19T00:00:00	T:1998-01-02T00:00:00	T:1997-12-26T00:00:00	I:1	F:249.93	S:La maison d'Asie	S:1 rue Alsace-Lorraine	S:Toulouse	~N~	S:31000	S:France
I:10789	S:FOLIG	I:1	T:1997-12-22T00:00:00	T:1998-01-19T00:00:00	T:1997-12-31T00:00:00	I:2	F:100.6	S:Folies gourmandes	S:184, chaussée de Tournai	S:Lille	~N~	S:59000	S:France
I:10806	S:VICTE	I:3	T:1997-12-31T00:00:00	T:1998-01-28T00:00:00	T:1998-01-05T00:00:00	I:2	F:22.11	S:Victuailles en stock	S:2, rue du Commerce	S:Lyon	~N~	S:69004	S:France
I:10814	S:VICTE	I:3	T:1998-01-05T00:00:00	T:1998-02-02T00:00:00	T:1998-01-14T00:00:00	I:3	F:130.94	S:Victuailles en stock	S:2, rue du Commerce	S:Lyon	~N~	S:69004	S:France
I:10826	S:BLONP	I:6	T:1998-01-12T00:00:00	T:1998-02-09T00:00:00	T:1998-02-06T00:00:00	I:1	F:7.09	S:Blondel père et fils	S:24, place Kléber	S:Strasbourg	~N~	S:67000	S:France
I:10827	S:BONAP	I:1	T:1998-01-12T00:00:00	T:1998-01-26T00:00:00	T:1998-02-06T00:00:00	I:2	F:63.54	S:Bon app'	S:12, rue des Bouchers	S:Marseille	~N~	S:13008	S:France
I:10832	S:LAMAI	I:2	T:1998-01-14T00:00:00	T:1998-02-11T00:00:00	T:1998-01-19T00:00:00	I:2	F:43.26	S:La maison d'Asie	S:1 rue Alsace-Lorraine	S:Toulouse	~N~	S:31000	S:France
I:10843	S:VICTE	I:4	T:1998-01-21T00:00:00	T:1998-02-18T00:00:00	T:1998-01-26T00:00:00	I:2	F:9.26	S:Victuailles en stock	S:2, rue du Commerce	S:Lyon	~N~	S:69004	S:France
I:10850	S:VICTE	I:1	T:1998-01-23T00:00:00	T:1998-03-06T00:00:00	T:1998-01-30T00:00:00	I:1	F:49.19	S:Victuailles en stock	S:2, rue du Commerce	S:Lyon	~N~	S:69004	S:France
I:10858	S:LACOR	I:2	T:1998-01-29T00:00:00	T:1998-02-26T00:00:00	T:1998-02-03T00:00:00	I:1	F:52.51	S:La corne d'abondance	S:67, avenue de l'Europe	S:Versailles	~N~	S:78000	S:France
I:10860	S:FRANR	I:3	T:1998-01-29T00:00:00	T:1998-02-26T00:00:00	T:1998-02-04T00:00:00	I:3	F:19.26	S:France restauration	S:54, rue Royale	S:Nantes	~N~	S:44000	S:France
I:10871	S:BONAP	I:9	T:1998-02-05T00:00:00	T:1998-03-05T00:00:00	T:1998-02-10T00:00:00	I:2	F:112.27	S:Bon app'	S:12, rue des Bouchers	S:Marseille	~N~	S:13008	S:France
I:10876	S:BONAP	I:7	T:1998-02-09T00:00:00	T:1998-03-09T00:00:00	T:1998-02-12T00:00:00	I:3	F:60.42	S:Bon app'	S:12, rue des Bouchers	S:Marseille	~N~	S:13008	S:France
I:10890	S:DUMON	I:7	T:1998-02-16T00:00:00	T:1998-03-16T00:00:00	T:1998-02-18T00:00:00	I:1	F:32.76	S:Du monde entier	S:67, rue des Cinquante Otages	S:Nantes	~N~	S:44000	S:France
I:10907	S:SPECD	I:6	T:1998-02-25T00:00:00	T:1998-03-25T00:00:00	T:1998-02-27T00:00:00	I:3	F:9.19	S:Spécialités du monde	S:25, rue Lauriston	S:Paris	~N~	S:75016	S:France
I:10923	S:LAMAI	I:7	T:1998-03-03T00:00:00	T:1998-04-14T00:00:00	T:1998-03-13T00:00:00	I:3	F:68.26	S:La maison d'Asie	S:1 rue Alsace-Lorraine	S:Toulouse	~N~	S:31000	S:France
I:10927	S:LACOR	I:4	T:1998-03-05T00:00:00	T:1998-04-02T00:00:00	T:1998-04-08T00:00:00	I:1	F:19.79	S:La corne d'abondance	S:67, avenue de l'Europe	S:Versailles	~N~	S:78000	S:France
I:10932	S:BONAP	I:8	T:1998-03-06T00:00:00	T:1998-04-03T00:00:00	T:1998-03-24T00:00:00	I:1	F:134.64	S:Bon app'	S:12, rue des Bouchers	S:Marseille	~N~	S:13008	S:France
I:10940	S:BONAP	I:8	T:1998-03-11T00:00:00	T:1998-04-08T00:00:00	T:1998-03-23T00:00:00	I:3	F:19.77	S:Bon app'	S:12, rue des Bouchers	S:Marseille	~N~	S:13008	S:France
I:10964	S:SPECD	I:3	T:1998-03-20T00:00:00	T:1998-04-17T00:00:00	T:1998-03-24T00:00:00	I:2	F:87.38	S:Spécialités du monde	S:25, rue Lauriston	S:Paris	~N~	S:75016	S:France
I:10971	S:FRANR	I:2	T:1998-03-24T00:00:00	T:1998-04-21T00:00:00	T:1998-04-02T00:00:00	I:2	F:121.82	S:France restauration	S:54, rue Royale	S:Nantes	~N~	S:44000	S:France
I:10972	S:LACOR	I:4	T:1998-03-24T00:00:00	T:1998-04-21T00:00:00	T:1998-03-26T00:00:00	I:2	F:0.02	S:La corne d'abondance	S:67, avenue de l'Europe	S:Versailles	~N~	S:78000	S:France
I:10973	S:LACOR	I:6	T:1998-03-24T00:00:00	T:1998-04-21T00:00:00	T:1998-03-27T00:00:00	I:2	F:15.17	S:La corne d'abondance	S:67, avenue de l'Europe	S:Versailles	~N~	S:78000	S:France
I:11043	S:SPECD	I:5	T:1998-04-22T00:00:00	T:1998-05-20T00:00:00	T:1998-04-29T00:00:00	I:2	F:8.8	S:Spécialités du monde	S:25, rue Lauriston	S:Paris	~N~	S:75016	S:France
I:11051	S:LAMAI	I:7	T:1998-04-27T00:00:00	T:1998-05-25T00:00:00	~N~	I:3	F:2.79	S:La maison d'Asie	S:1 rue Alsace-Lorraine	S:Toulouse	~N~	S:31000	S:France
I:11076	S:BONAP	I:4	T:1998-05-06T00:00:00	T:1998-06-03T00:00:00	~N~	I:2	F:38.28	S:Bon app'	S:12, rue des Bouchers	S:Marseille	~N~	S:13008	S:France
I:10252	S:SUPRD	I:4	T:1996-07-09T00:00:00	T:1996-08-06T00:00:00	T:1996-07-11T00:00:00	I:2	F:51.3	S:Suprêmes délices	S:Boulevard Tirou, 255	S:Charleroi	~N~	S:B-6000	S:Belgium
I:10254	S:CHOPS	I:5	T:1996-07-11T00:00:00	T:1996-08-08T00:00:00	T:1996-07-23T00:00:00	I:2	F:22.98	S:Chop-suey Chinese	S:Hauptstr. 31	S:Bern	~N~	S:3012	S:Switzerland
I:10255	S:RICSU	I:9	T:1996-07-12T00:00:00	T:1996-08-09T00:00:00	T:1996-07-15T00:00:00	I:3	F:148.33	S:Richter Supermarkt	S:Starenweg 5	S:Genève	~N~	S:1204	S:Switzerland
I:10258	S:ERNSH	I:1	T:1996-07-17T00:00:00	T:1996-08-14T00:00:00	T:1996-07-23T00:00:00	I:1	F:140.51	S:Ernst Handel	S:Kirchgasse 6	S:Graz	~N~	S:8010	S:Austria
I:10259	S:CENTC	I:4	T:1996-07-18T00:00:00	T:1996-08-15T00:00:00	T:1996-07-25T00:00:00	I:3	F:3.25	S:Centro comercial Moctezuma	S:Sierras de Granada 9993	S:México D.F.	~N~	S:05022	S:Mexico
I:10263	S:ERNSH	I:9	T:1996-07-23T00:00:00	T:1996-08-20T00:00:00	T:1996-07-31T00:00:00	I:3	F:146.06	S:Ernst Handel	S:Kirchgasse 6	S:Graz	~N~	S:8010	S:Austria
I:10264	S:FOLKO	I:6	T:1996-07-24T00:00:00	T:1996-08-21T00:00:00	T:1996-08-23T00:00:00	I:3	F:3.67	S:Folk och fä HB	S:Åkergatan 24	S:Bräcke	~N~	S:S-844 67	S:Sweden
I:10266	S:WARTH	I:3	T:1996-07-26T00:00:00	T:1996-09-06T00:00:00	T:1996-07-31T00:00:00	I:3	F:25.73	S:Wartian Herkku	S:Torikatu 38	S:Oulu	~N~	S:90110	S:Finland
I:10270	S:WARTH	I:1	T:1996-08-01T00:00:00	T:1996-08-29T00:00:00	T:1996-08-02T00:00:00	I:1	F:136.54	S:Wartian Herkku	S:Torikatu 38	S:Oulu	~N~	S:90110	S:Finland
I:10275	S:MAGAA	I:1	T:1996-08-07T00:00:00	T:1996-09-04T00:00:00	T:1996-08-09T00:00:00	I:1	F:26.93	S:Magazzini Alimentari Riuniti	S:Via Ludovico il Moro 22	S:Bergamo	~N~	S:24100	S:Italy
I:10276	S:TORTU	I:8	T:1996-08-08T00:00:00	T:1996-08-22T00:00:00	T:1996-08-14T00:00:00	I:3	F:13.84	S:Tortuga Restaurante	S:Avda. Azteca 123	S:México D.F.	~N~	S:05033	S:Mexico
I:10278	S:BERGS	I:8	T:1996-08-12T00:00:00	T:1996-09-09T00:00:00	T:1996-08-16T00:00:00	I:2	F:92.69	S:Berglunds snabbköp	S:Berguvsvägen  8	S:Luleå	~N~	S:S-958 22	S:Sweden
I:10280	S:BERGS	I:2	T:1996-08-14T00:00:00	T:1996-09-11T00:00:00	T:1996-09-12T00:00:00	I:1	F:8.98	S:Berglunds snabbköp	S:Berguvsvägen  8	S:Luleå	~N~	S:S-958 22	S:Sweden
I:10281	S:ROMEY	I:4	T:1996-08-14T00:00:00	T:1996-08-28T00:00:00	T:1996-08-21T00:00:00	I:1	F:2.94	S:Romero y tomillo	S:Gran Vía, 1	S:Madrid	~N~	S:28001	S:Spain
I:10282	S:ROMEY	I:4	T:1996-08-15T00:00:00	T:1996-09-12T00:00:00	T:1996-08-21T00:00:00	I:1	F:12.69	S:Romero y tomillo	S:Gran Vía, 1	S:Madrid	~N~	S:28001	S:Spain
I:10288	S:REGGC	I:4	T:1996-08-23T00:00:00	T:1996-09-20T00:00:00	T:1996-09-03T00:00:00	I:1	F:7.45	S:Reggiani Caseifici	S:Strada Provinciale 124	S:Reggio Emilia	~N~	S:42100	S:Italy
I:10289	S:BSBEV	I:7	T:1996-08-26T00:00:00	T:1996-09-23T00:00:00	T:1996-08-28T00:00:00	I:3	F:22.77	S:B's Beverages	S:Fauntleroy Circus	S:London	~N~	S:EC2 5NT	S:UK
I:10293	S:TORTU	I:1	T:1996-08-29T00:00:00	T:1996-09-26T00:00:00	T:1996-09-11T00:00:00	I:3	F:21.18	S:Tortuga Restaurante	S:Avda. Azteca 123	S:México D.F.	~N~	S:05033	S:Mexico
I:10300	S:MAGAA	I:2	T:1996-09-09T00:00:00	T:1996-10-07T00:00:00	T:1996-09-18T00:00:00	I:2	F:17.68	S:Magazzini Alimentari Riuniti	S:Via Ludovico il Moro 22	S:Bergamo	~N~	S:24100	S:Italy
I:10302	S:SUPRD	I:4	T:1996-09-10T00:00:00	T:1996-10-08T00:00:00	T:1996-10-09T00:00:00	I:2	F:6.27	S:Suprêmes délices	S:Boulevard Tirou, 255	S:Charleroi	~N~	S:B-6000	S:Belgium
I:10303	S:GODOS	I:7	T:1996-09-11T00:00:00	T:1996-10-09T00:00:00	T:1996-09-18T00:00:00	I:2	F:107.83	S:Godos Cocina Típica	S:C/ Romero, 33	S:Sevilla	~N~	S:41101	S:Spain
I:10304	S:TORTU	I:1	T:1996-09-12T00:00:00	T:1996-10-10T00:00:00	T:1996-09-17T00:00:00	I:2	F:63.79	S:Tortuga Restaurante	S:Avda. Azteca 123	S:México D.F.	~N~	S:05033	S:Mexico
I:10306	S:ROMEY	I:1	T:1996-09-16T00:00:00	T:1996-10-14T00:00:00	T:1996-09-23T00:00:00	I:3	F:7.56	S:Romero y tomillo	S:Gran Vía, 1	S:Madrid	~N~	S:28001	S:Spain
I:10308	S:ANATR	I:7	T:1996-09-18T00:00:00	T:1996-10-16T00:00:00	T:1996-09-24T00:00:00	I:3	F:1.61	S:Ana Trujillo Emparedados y helados	S:Avda. de la Constitución 2222	S:México D.F.	~N~	S:05021	S:Mexico
I:10319	S:TORTU	I:7	T:1996-10-02T00:00:00	T:1996-10-30T00:00:00	T:1996-10-11T00:00:00	I:3	F:64.5	S:Tortuga Restaurante	S:Avda. Azteca 123	S:México D.F.	~N~	S:05033	S:Mexico
I:10320	S:WARTH	I:5	T:1996-10-03T00:00:00	T:1996-10-17T00:00:00	T:1996-10-18T00:00:00	I:3	F:34.57	S:Wartian Herkku	S:Torikatu 38	S:Oulu	~N~	S:90110	S:Finland
I:10322	S:PERIC	I:7	T:1996-10-04T00:00:00	T:1996-11-01T00:00:00	T:1996-10-23T00:00:00	I:3	F:0.4	S:Pericles Comidas clásicas	S:Calle Dr. Jorge Cash 321	S:México D.F.	~N~	S:05033	S:Mexico
I:10326	S:BOLID	I:4	T:1996-10-10T00:00:00	T:1996-11-07T00:00:00	T:1996-10-14T00:00:00	I:2	F:77.92	S:Bólido Comidas preparadas	S:C/ Araquil, 67	S:Madrid	~N~	S:28023	S:Spain
I:10327	S:FOLKO	I:2	T:1996-10-11T00:00:00	T:1996-11-08T00:00:00	T:1996-10-14T00:00:00	I:1	F:63.36	S:Folk och fä HB	S:Åkergatan 24	S:Bräcke	~N~	S:S-844 67	S:Sweden
I:10328	S:FURIB	I:4	T:1996-10-14T00:00:00	T:1996-11-11T00:00:00	T:1996-10-17T00:00:00	I:3	F:87.03	S:Furia Bacalhau e Frutos do Mar	S:Jardim das rosas n. 32	S:Lisboa	~N~	S:1675	S:Portugal
I:10333	S:WARTH	I:5	T:1996-10-18T00:00:00	T:1996-11-15T00:00:00	T:1996-10-25T00:00:00	I:3	F:0.59	S:Wartian Herkku	S:Torikatu 38	S:Oulu	~N~	S:90110	S:Finland
I:10336	S:PRINI	I:7	T:1996-10-23T00:00:00	T:1996-11-20T00:00:00	T:1996-10-25T00:00:00	I:2	F:15.51	S:Princesa Isabel Vinhos	S:Estrada da saúde n. 58	S:Lisboa	~N~	S:1756	S:Portugal
I:10341	S:SIMOB	I:7	T:1996-10-29T00:00:00	T:1996-11-26T00:00:00	T:1996-11-05T00:00:00	I:3	F:26.78	S:Simons bistro	S:Vinbæltet 34	S:Kobenhavn	~N~	S:1734	S:Denmark
I:10351	S:ERNSH	I:1	T:1996-11-11T00:00:00	T:1996-12-09T00:00:00	T:1996-11-20T00:00:00	I:1	F:162.33	S:Ernst Handel	S:Kirchgasse 6	S:Graz	~N~	S:8010	S:Austria
I:10352	S:FURIB	I:3	T:1996-11-12T00:00:00	T:1996-11-26T00:00:00	T:1996-11-18T00:00:00	I:3	F:1.3	S:Furia Bacalhau e Frutos do Mar	S:Jardim das rosas n. 32	S:Lisboa	~N~	S:1675	S:Portugal
I:10353	S:PICCO	I:7	T:1996-11-13T00:00:00	T:1996-12-11T00:00:00	T:1996-11-25T00:00:00	I:3	F:360.63	S:Piccolo und mehr	S:Geislweg 14	S:Salzburg	~N~	S:5020	S:Austria
I:10354	S:PERIC	I:8	T:1996-11-14T00:00:00	T:1996-12-12T00:00:00	T:1996-11-20T00:00:00	I:3	F:53.8	S:Pericles Comidas clásicas	S:Calle Dr. Jorge Cash 321	S:México D.F.	~N~	S:05033	S:Mexico
I:10359	S:SEVES	I:5	T:1996-11-21T00:00:00	T:1996-12-19T00:00:00	T:1996-11-26T00:00:00	I:3	F:288.43	S:Seven Seas Imports	S:90 Wadhurst Rd.	S:London	~N~	S:OX15 4NB	S:UK
I:10364	S:EASTC	I:1	T:1996-11-26T00:00:00	T:1997-01-07T00:00:00	T:1996-12-04T00:00:00	I:1	F:71.97	S:Eastern Connection	S:35 King George	S:London	~N~	S:WX3 6FW	S:UK
I:10365	S:ANTON	I:3	T:1996-11-27T00:00:00	T:1996-12-25T00:00:00	T:1996-12-02T00:00:00	I:2	F:22	S:Antonio Moreno Taquería	S:Mataderos  2312	S:México D.F.	~N~	S:05023	S:Mexico
I:10366	S:GALED	I:8	T:1996-11-28T00:00:00	T:1997-01-09T00:00:00	T:1996-12-30T00:00:00	I:2	F:10.14	S:Galería del gastronómo	S:Rambla de Cataluña, 23	S:Barcelona	~N~	S:8022	S:Spain
I:10367	S:VAFFE	I:7	T:1996-11-28T00:00:00	T:1996-12-26T00:00:00	T:1996-12-02T00:00:00	I:3	F:13.55	S:Vaffeljernet	S:Smagsloget 45	S:Århus	~N~	S:8200	S:Denmark
I:10368	S:ERNSH	I:2	T:1996-11-29T00:00:00	T:1996-12-27T00:00:00	T:1996-12-02T00:00:00	I:2	F:101.95	S:Ernst Handel	S:Kirchgasse 6	S:Graz	~N~	S:8010	S:Austria
I:10370	S:CHOPS	I:6	T:1996-12-03T00:00:00	T:1996-12-31T00:00:00	T:1996-12-27T00:00:00	I:2	F:1.17	S:Chop-suey Chinese	S:Hauptstr. 31	S:Bern	~N~	S:3012	S:Switzerland
I:10374	S:WOLZA	I:1	T:1996-12-05T00:00:00	T:1997-01-02T00:00:00	T:1996-12-09T00:00:00	I:3	F:3.94	S:Wolski Zajazd	S:ul. Filtrowa 68	S:Warszawa	~N~	S:01-012	S:Poland
I:10377	S:SEVES	I:1	T:1996-12-09T00:00:00	T:1997-01-06T00:00:00	T:1996-12-13T00:00:00	I:3	F:22.21	S:Seven Seas Imports	S:90 Wadhurst Rd.	S:London	~N~	S:OX15 4NB	S:UK
I:10378	S:FOLKO	I:5	T:1996-12-10T00:00:00	T:1997-01-07T00:00:00	T:1996-12-19T00:00:00	I:3	F:5.44	S:Folk och fä HB	S:Åkergatan 24	S:Bräcke	~N~	S:S-844 67	S:Sweden
I:10382	S:ERNSH	I:4	T:1996-12-13T00:00:00	T:1997-01-10T00:00:00	T:1996-12-16T00:00:00	I:1	F:94.77	S:Ernst Handel	S:Kirchgasse 6	S:Graz	~N~	S:8010	S:Austria
I:10384	S:BERGS	I:3	T:1996-12-16T00:00:00	T:1997-01-13T00:00:00	T:1996-12-20T00:00:00	I:3	F:168.64	S:Berglunds snabbköp	S:Berguvsvägen  8	S:Luleå	~N~	S:S-958 22	S:Sweden
I:10387	S:SANTG	I:1	T:1996-12-18T00:00:00	T:1997-01-15T00:00:00	T:1996-12-20T00:00:00	I:2	F:93.63	S:Santé Gourmet	S:Erling Skakkes gate 78	S:Stavern	~N~	S:4110	S:Norway
I:10388	S:SEVES	I:2	T:1996-12-19T00:00:00	T:1997-01-16T00:00:00	T:1996-12-20T00:00:00	I:1	F:34.86	S:Seven Seas Imports	S:90 Wadhurst Rd.	S:London	~N~	S:OX15 4NB	S:UK
I:10390	S:ERNSH	I:6	T:1996-12-23T00:00:00	T:1997-01-20T00:00:00	T:1996-12-26T00:00:00	I:1	F:126.38	S:Ernst Handel	S:Kirchgasse 6	S:Graz	~N~	S:8010	S:Austria
I:10392	S:PICCO	I:2	T:1996-12-24T00:00:00	T:1997-01-21T00:00:00	T:1997-01-01T00:00:00	I:3	F:122.46	S:Piccolo und mehr	S:Geislweg 14	S:Salzburg	~N~	S:5020	S:Austria
I:10397	S:PRINI	I:5	T:1996-12-27T00:00:00	T:1997-01-24T00:00:00	T:1997-01-02T00:00:00	I:1	F:60.26	S:Princesa Isabel Vinhos	S:Estrada da saúde n. 58	S:Lisboa	~N~	S:1756	S:Portugal
I:10399	S:VAFFE	I:8	T:1996-12-31T00:00:00	T:1997-01-14T00:00:00	T:1997-01-08T00:00:00	I:3	F:27.36	S:Vaffeljernet	S:Smagsloget 45	S:Århus	~N~	S:8200	S:Denmark
I:10400	S:EASTC	I:1	T:1997-01-01T00:00:00	T:1997-01-29T00:00:00	T:1997-01-16T00:00:00	I:3	F:83.93	S:Eastern Connection	S:35 King George	S:London	~N~	S:WX3 6FW	S:UK
I:10402	S:ERNSH	I:8	T:1997-01-02T00:00:00	T:1997-02-13T00:00:00	T:1997-01-10T00:00:00	I:2	F:67.88	S:Ernst Handel	S:Kirchgasse 6	S:Graz	~N~	S:8010	S:Austria
I:10403	S:ERNSH	I:4	T:1997-01-03T00:00:00	T:1997-01-31T00:00:00	T:1997-01-09T00:00:00	I:3	F:73.79	S:Ernst Handel	S:Kirchgasse 6	S:Graz	~N~	S:8010	S:Austria
I:10404	S:MAGAA	I:2	T:1997-01-03T00:00:00	T:1997-01-31T00:00:00	T:1997-01-08T00:00:00	I:1	F:155.97	S:Magazzini Alimentari Riuniti	S:Via Ludovico il Moro 22	S:Bergamo	~N~	S:24100	S:Italy
I:10409	S:OCEAN	I:3	T:1997-01-09T00:00:00	T:1997-02-06T00:00:00	T:1997-01-14T00:00:00	I:1	F:29.83	S:Océano Atlántico Ltda.	S:Ing. Gustavo Moncada 8585 Piso 20-A	S:Buenos Aires	~N~	S:1010	S:Argentina
I:10412	S:WARTH	I:8	T:1997-01-13T00:00:00	T:1997-02-10T00:00:00	T:1997-01-15T00:00:00	I:2	F:3.77	S:Wartian Herkku	S:Torikatu 38	S:Oulu	~N~	S:90110	S:Finland
I:10416	S:WARTH	I:8	T:1997-01-16T00:00:00	T:1997-02-13T00:00:00	T:1997-01-27T00:00:00	I:3	F:22.72	S:Wartian Herkku	S:Torikatu 38	S:Oulu	~N~	S:90110	S:Finland
I:10417	S:SIMOB	I:4	T:1997-01-16T00:00:00	T:1997-02-13T00:00:00	T:1997-01-28T00:00:00	I:3	F:70.29	S:Simons bistro	S:Vinbæltet 34	S:Kobenhavn	~N~	S:1734	S:Denmark
I:10419	S:RICSU	I:4	T:1997-01-20T00:00:00	T:1997-02-17T00:00:00	T:1997-01-30T00:00:00	I:2	F:137.35	S:Richter Supermarkt	S:Starenweg 5	S:Genève	~N~	S:1204	S:Switzerland
I:10422	S:FRANS	I:2	T:1997-01-22T00:00:00	T:1997-02-19T00:00:00	T:1997-01-31T00:00:00	I:1	F:3.02	S:Franchi S.p.A.	S:Via Monte Bianco 34	S:Torino	~N~	S:10100	S:Italy
I:10426	S:GALED	I:4	T:1997-01-27T00:00:00	T:1997-02-24T00:00:00	T:1997-02-06T00:00:00	I:1	F:18.69	S:Galería del gastronómo	S:Rambla de Cataluña, 23	S:Barcelona	~N~	S:8022	S:Spain
I:10427	S:PICCO	I:4	T:1997-01-27T00:00:00	T:1997-02-24T00:00:00	T:1997-03-03T00:00:00	I:2	F:31.29	S:Piccolo und mehr	S:Geislweg 14	S:Salzburg	~N~	S:5020	S:Austria
I:10428	S:REGGC	I:7	T:1997-01-28T00:00:00	T:1997-02-25T00:00:00	T:1997-02-04T00:00:00	I:1	F:11.09	S:Reggiani Caseifici	S:Strada Provinciale 124	S:Reggio Emilia	~N~	S:42100	S:Italy
I:10430	S:ERNSH	I:4	T:1997-01-30T00:00:00	T:1997-02-13T00:00:00	T:1997-02-03T00:00:00	I:1	F:458.78	S:Ernst Handel	S:Kirchgasse 6	S:Graz	~N~	S:8010	S:Austria
I:10433	S:PRINI	I:3	T:1997-02-03T00:00:00	T:1997-03-03T00:00:00	T:1997-03-04T00:00:00	I:3	F:73.83	S:Princesa Isabel Vinhos	S:Estrada da saúde n. 58	S:Lisboa	~N~	S:1756	S:Portugal
I:10434	S:FOLKO	I:3	T:1997-02-03T00:00:00	T:1997-03-03T00:00:00	T:1997-02-13T00:00:00	I:2	F:17.92	S:Folk och fä HB	S:Åkergatan 24	S:Bräcke	~N~	S:S-844 67	S:Sweden
I:10435	S:CONSH	I:8	T:1997-02-04T00:00:00	T:1997-03-18T00:00:00	T:1997-02-07T00:00:00	I:2	F:9.21	S:Consolidated Holdings	S:Berkeley Gardens 12  Brewery	S:London	~N~	S:WX1 6LT	S:UK
I:10437	S:WARTH	I:8	T:1997-02-05T00:00:00	T:1997-03-05T00:00:00	T:1997-02-12T00:00:00	I:1	F:19.97	S:Wartian Herkku	S:Torikatu 38	S:Oulu	~N~	S:90110	S:Finland
I:10442	S:ERNSH	I:3	T:1997-02-11T00:00:00	T:1997-03-11T00:00:00	T:1997-02-18T00:00:00	I:2	F:47.94	S:Ernst Handel	S:Kirchgasse 6	S:Graz	~N~	S:8010	S:Austria
I:10443	S:REGGC	I:8	T:1997-02-12T00:00:00	T:1997-03-12T00:00:00	T:1997-02-14T00:00:00	I:1	F:13.95	S:Reggiani Caseifici	S:Strada Provinciale 124	S:Reggio Emilia	~N~	S:42100	S:Italy
I:10444	S:BERGS	I:3	T:1997-02-12T00:00:00	T:1997-03-12T00:00:00	T:1997-02-21T00:00:00	I:3	F:3.5	S:Berglunds snabbköp	S:Berguvsvägen  8	S:Luleå	~N~	S:S-958 22	S:Sweden
I:10445	S:BERGS	I:3	T:1997-02-13T00:00:00	T:1997-03-13T00:00:00	T:1997-02-20T00:00:00	I:1	F:9.3	S:Berglunds snabbköp	S:Berguvsvägen  8	S:Luleå	~N~	S:S-958 22	S:Sweden
I:10448	S:RANCH	I:4	T:1997-02-17T00:00:00	T:1997-03-17T00:00:00	T:1997-02-24T00:00:00	I:2	F:38.82	S:Rancho grande	S:Av. del Libertador 900	S:Buenos Aires	~N~	S:1010	S:Argentina
I:10455	S:WARTH	I:8	T:1997-02-24T00:00:00	T:1997-04-07T00:00:00	T:1997-03-03T00:00:00	I:2	F:180.45	S:Wartian Herkku	S:Torikatu 38	S:Oulu	~N~	S:90110	S:Finland
I:10458	S:SUPRD	I:7	T:1997-02-26T00:00:00	T:1997-03-26T00:00:00	T:1997-03-04T00:00:00	I:3	F:147.06	S:Suprêmes délices	S:Boulevard Tirou, 255	S:Charleroi	~N~	S:B-6000	S:Belgium
I:10460	S:FOLKO	I:8	T:1997-02-28T00:00:00	T:1997-03-28T00:00:00	T:1997-03-03T00:00:00	I:1	F:16.27	S:Folk och fä HB	S:Åkergatan 24	S:Bräcke	~N~	S:S-844 67	S:Sweden
I:10462	S:CONSH	I:2	T:1997-03-03T00:00:00	T:1997-03-31T00:00:00	T:1997-03-18T00:00:00	I:1	F:6.17	S:Consolidated Holdings	S:Berkeley Gardens 12  Brewery	S:London	~N~	S:WX1 6LT	S:UK
I:10463	S:SUPRD	I:5	T:1997-03-04T00:00:00	T:1997-04-01T00:00:00	T:1997-03-06T00:00:00	I:3	F:14.78	S:Suprêmes délices	S:Boulevard Tirou, 255	S:Charleroi	~N~	S:B-6000	S:Belgium
I:10464	S:FURIB	I:4	T:1997-03-04T00:00:00	T:1997-04-01T00:00:00	T:1997-03-14T00:00:00	I:2	F:89	S:Furia Bacalhau e Frutos do Mar	S:Jardim das rosas n. 32	S:Lisboa	~N~	S:1675	S:Portugal
I:10465	S:VAFFE	I:1	T:1997-03-05T00:00:00	T:1997-04-02T00:00:00	T:1997-03-14T00:00:00	I:3	F:145.04	S:Vaffeljernet	S:Smagsloget 45	S:Århus	~N~	S:8200	S:Denmark
I:10467	S:MAGAA	I:8	T:1997-03-06T00:00:00	T:1997-04-03T00:00:00	T:1997-03-11T00:00:00	I:2	F:4.93	S:Magazzini Alimentari Riuniti	S:Via Ludovico il Moro 22	S:Bergamo	~N~	S:24100	S:Italy
I:10471	S:BSBEV	I:2	T:1997-03-11T00:00:00	T:1997-04-08T00:00:00	T:1997-03-18T00:00:00	I:3	F:45.59	S:B's Beverages	S:Fauntleroy Circus	S:London	~N~	S:EC2 5NT	S:UK
I:10472	S:SEVES	I:8	T:1997-03-12T00:00:00	T:1997-04-09T00:00:00	T:1997-03-19T00:00:00	I:1	F:4.2	S:Seven Seas Imports	S:90 Wadhurst Rd.	S:London	~N~	S:OX15 4NB	S:UK
I:10474	S:PERIC	I:5	T:1997-03-13T00:00:00	T:1997-04-10T00:00:00	T:1997-03-21T00:00:00	I:2	F:83.49	S:Pericles Comidas clásicas	S:Calle Dr. Jorge Cash 321	S:México D.F.	~N~	S:05033	S:Mexico
I:10475	S:SUPRD	I:9	T:1997-03-14T00:00:00	T:1997-04-11T00:00:00	T:1997-04-04T00:00:00	I:1	F:68.52	S:Suprêmes délices	S:Boulevard Tirou, 255	S:Charleroi	~N~	S:B-6000	S:Belgium
I:10477	S:PRINI	I:5	T:1997-03-17T00:00:00	T:1997-04-14T00:00:00	T:1997-03-25T00:00:00	I:2	F:13.02	S:Princesa Isabel Vinhos	S:Estrada da saúde n. 58	S:Lisboa	~N~	S:1756	S:Portugal
I:10484	S:BSBEV	I:3	T:1997-03-24T00:00:00	T:1997-04-21T00:00:00	T:1997-04-01T00:00:00	I:3	F:6.88	S:B's Beverages	S:Fauntleroy Circus	S:London	~N~	S:EC2 5NT	S:UK
I:10489	S:PICCO	I:6	T:1997-03-28T00:00:00	T:1997-04-25T00:00:00	T:1997-04-09T00:00:00	I:2	F:5.29	S:Piccolo und mehr	S:Geislweg 14	S:Salzburg	~N~	S:5020	S:Austria
I:10491	S:FURIB	I:8	T:1997-03-31T00:00:00	T:1997-04-28T00:00:00	T:1997-04-08T00:00:00	I:3	F:16.96	S:Furia Bacalhau e Frutos do Mar	S:Jardim das rosas n. 32	S:Lisboa	~N~	S:1675	S:Portugal
I:10502	S:PERIC	I:2	T:1997-04-10T00:00:00	T:1997-05-08T00:00:00	T:1997-04-29T00:00:00	I:1	F:69.32	S:Pericles Comidas clásicas	S:Calle Dr. Jorge Cash 321	S:México D.F.	~N~	S:05033	S:Mexico
I:10507	S:ANTON	I:7	T:1997-04-15T00:00:00	T:1997-05-13T00:00:00	T:1997-04-22T00:00:00	I:1	F:47.45	S:Antonio Moreno Taquería	S:Mataderos  2312	S:México D.F.	~N~	S:05023	S:Mexico
I:10514	S:ERNSH	I:3	T:1997-04-22T00:00:00	T:1997-05-20T00:00:00	T:1997-05-16T00:00:00	I:2	F:789.95	S:Ernst Handel	S:Kirchgasse 6	S:Graz	~N~	S:8010	S:Austria
I:10517	S:NORTS	I:3	T:1997-04-24T00:00:00	T:1997-05-22T00:00:00	T:1997-04-29T00:00:00	I:3	F:32.07	S:North/South	S:South House 300 Queensbridge	S:London	~N~	S:SW7 1RZ	S:UK
I:10518	S:TORTU	I:4	T:1997-04-25T00:00:00	T:1997-05-09T00:00:00	T:1997-05-05T00:00:00	I:2	F:218.15	S:Tortuga Restaurante	S:Avda. Azteca 123	S:México D.F.	~N~	S:05033	S:Mexico
I:10519	S:CHOPS	I:6	T:1997-04-28T00:00:00	T:1997-05-26T00:00:00	T:1997-05-01T00:00:00	I:3	F:91.76	S:Chop-suey Chinese	S:Hauptstr. 31	S:Bern	~N~	S:3012	S:Switzerland
I:10520	S:SANTG	I:7	T:1997-04-29T00:00:00	T:1997-05-27T00:00:00	T:1997-05-01T00:00:00	I:1	F:13.37	S:Santé Gourmet	S:Erling Skakkes gate 78	S:Stavern	~N~	S:4110	S:Norway
I:10521	S:CACTU	I:8	T:1997-04-29T00:00:00	T:1997-05-27T00:00:00	T:1997-05-02T00:00:00	I:2	F:17.22	S:Cactus Comidas para llevar	S:Cerrito 333	S:Buenos Aires	~N~	S:1010	S:Argentina
I:10523	S:SEVES	I:7	T:1997-05-01T00:00:00	T:1997-05-29T00:00:00	T:1997-05-30T00:00:00	I:2	F:77.63	S:Seven Seas Imports	S:90 Wadhurst Rd.	S:London	~N~	S:OX15 4NB	S:UK
I:10524	S:BERGS	I:1	T:1997-05-01T00:00:00	T:1997-05-29T00:00:00	T:1997-05-07T00:00:00	I:2	F:244.79	S:Berglunds snabbköp	S:Berguvsvägen  8	S:Luleå	~N~	S:S-958 22	S:Sweden
I:10526	S:WARTH	I:4	T:1997-05-05T00:00:00	T:1997-06-02T00:00:00	T:1997-05-15T00:00:00	I:2	F:58.59	S:Wartian Herkku	S:Torikatu 38	S:Oulu	~N~	S:90110	S:Finland
I:10529	S:MAISD	I:5	T:1997-05-07T00:00:00	T:1997-06-04T00:00:00	T:1997-05-09T00:00:00	I:2	F:66.69	S:Maison Dewey	S:Rue Joseph-Bens 532	S:Bruxelles	~N~	S:B-1180	S:Belgium
I:10530	S:PICCO	I:3	T:1997-05-08T00:00:00	T:1997-06-05T00:00:00	T:1997-05-12T00:00:00	I:2	F:339.22	S:Piccolo und mehr	S:Geislweg 14	S:Salzburg	~N~	S:5020	S:Austria
I:10531	S:OCEAN	I:7	T:1997-05-08T00:00:00	T:1997-06-05T00:00:00	T:1997-05-19T00:00:00	I:1	F:8.12	S:Océano Atlántico Ltda.	S:Ing. Gustavo Moncada 8585 Piso 20-A	S:Buenos Aires	~N~	S:1010	S:Argentina
I:10532	S:EASTC	I:7	T:1997-05-09T00:00:00	T:1997-06-06T00:00:00	T:1997-05-12T00:00:00	I:3	F:74.46	S:Eastern Connection	S:35 King George	S:London	~N~	S:WX3 6FW	S:UK
I:10533	S:FOLKO	I:8	T:1997-05-12T00:00:00	T:1997-06-09T00:00:00	T:1997-05-22T00:00:00	I:1	F:188.04	S:Folk och fä HB	S:Åkergatan 24	S:Bräcke	~N~	S:S-844 67	S:Sweden
I:10535	S:ANTON	I:4	T:1997-05-13T00:00:00	T:1997-06-10T00:00:00	T:1997-05-21T00:00:00	I:1	F:15.64	S:Antonio Moreno Taquería	S:Mataderos  2312	S:México D.F.	~N~	S:05023	S:Mexico
I:10537	S:RICSU	I:1	T:1997-05-14T00:00:00	T:1997-05-28T00:00:00	T:1997-05-19T00:00:00	I:1	F:78.85	S:Richter Supermarkt	S:Starenweg 5	S:Genève	~N~	S:1204	S:Switzerland
I:10538	S:BSBEV	I:9	T:1997-05-15T00:00:00	T:1997-06-12T00:00:00	T:1997-05-16T00:00:00	I:3	F:4.87	S:B's Beverages	S:Fauntleroy Circus	S:London	~N~	S:EC2 5NT	S:UK
I:10539	S:BSBEV	I:6	T:1997-05-16T00:00:00	T:1997-06-13T00:00:00	T:1997-05-23T00:00:00	I:3	F:12.36	S:B's Beverages	S:Fauntleroy Circus	S:London	~N~	S:EC2 5NT	S:UK
I:10547	S:SEVES	I:3	T:1997-05-23T00:00:00	T:1997-06-20T00:00:00	T:1997-06-02T00:00:00	I:2	F:178.43	S:Seven Seas Imports	S:90 Wadhurst Rd.	S:London	~N~	S:OX15 4NB	S:UK
I:10550	S:GODOS	I:7	T:1997-05-28T00:00:00	T:1997-06-25T00:00:00	T:1997-06-06T00:00:00	I:3	F:4.32	S:Godos Cocina Típica	S:C/ Romero, 33	S:Sevilla	~N~	S:41101	S:Spain
I:10551	S:FURIB	I:4	T:1997-05-28T00:00:00	T:1997-07-09T00:00:00	T:1997-06-06T00:00:00	I:3	F:72.95	S:Furia Bacalhau e Frutos do Mar	S:Jardim das rosas n. 32	S:Lisboa	~N~	S:1675	S:Portugal
I:10553	S:WARTH	I:2	T:1997-05-30T00:00:00	T:1997-06-27T00:00:00	T:1997-06-03T00:00:00	I:2	F:149.49	S:Wartian Herkku	S:Torikatu 38	S:Oulu	~N~	S:90110	S:Finland
I:10556	S:SIMOB	I:2	T:1997-06-03T00:00:00	T:1997-07-15T00:00:00	T:1997-06-13T00:00:00	I:1	F:9.8	S:Simons bistro	S:Vinbæltet 34	S:Kobenhavn	~N~	S:1734	S:Denmark
I:10561	S:FOLKO	I:2	T:1997-06-06T00:00:00	T:1997-07-04T00:00:00	T:1997-06-09T00:00:00	I:2	F:242.21	S:Folk och fä HB	S:Åkergatan 24	S:Bräcke	~N~	S:S-844 67	S:Sweden
I:10562	S:REGGC	I:1	T:1997-06-09T00:00:00	T:1997-07-07T00:00:00	T:1997-06-12T00:00:00	I:1	F:22.95	S:Reggiani Caseifici	S:Strada Provinciale 124	S:Reggio Emilia	~N~	S:42100	S:Italy
I:10568	S:GALED	I:3	T:1997-06-13T00:00:00	T:1997-07-11T00:00:00	T:1997-07-09T00:00:00	I:3	F:6.54	S:Galería del gastronómo	S:Rambla de Cataluña, 23	S:Barcelona	~N~	S:8022	S:Spain
I:10571	S:ERNSH	I:8	T:1997-06-17T00:00:00	T:1997-07-29T00:00:00	T:1997-07-04T00:00:00	I:3	F:26.06	S:Ernst Handel	S:Kirchgasse 6	S:Graz	~N~	S:8010	S:Austria
I:10572	S:BERGS	I:3	T:1997-06-18T00:00:00	T:1997-07-16T00:00:00	T:1997-06-25T00:00:00	I:2	F:116.43	S:Berglunds snabbköp	S:Berguvsvägen  8	S:Luleå	~N~	S:S-958 22	S:Sweden
I:10573	S:ANTON	I:7	T:1997-06-19T00:00:00	T:1997-07-17T00:00:00	T:1997-06-20T00:00:00	I:3	F:84.84	S:Antonio Moreno Taquería	S:Mataderos  2312	S:México D.F.	~N~	S:05023	S:Mexico
I:10576	S:TORTU	I:3	T:1997-06-23T00:00:00	T:1997-07-07T00:00:00	T:1997-06-30T00:00:00	I:3	F:18.56	S:Tortuga Restaurante	S:Avda. Azteca 123	S:México D.F.	~N~	S:05033	S:Mexico
I:10578	S:BSBEV	I:4	T:1997-06-24T00:00:00	T:1997-07-22T00:00:00	T:1997-07-25T00:00:00	I:3	F:29.6	S:B's Beverages	S:Fauntleroy Circus	S:London	~N~	S:EC2 5NT	S:UK
I:10583	S:WARTH	I:2	T:1997-06-30T00:00:00	T:1997-07-28T00:00:00	T:1997-07-04T00:00:00	I:2	F:7.28	S:Wartian Herkku	S:Torikatu 38	S:Oulu	~N~	S:90110	S:Finland
I:10586	S:REGGC	I:9	T:1997-07-02T00:00:00	T:1997-07-30T00:00:00	T:1997-07-09T00:00:00	I:1	F:0.48	S:Reggiani Caseifici	S:Strada Provinciale 124	S:Reggio Emilia	~N~	S:42100	S:Italy
I:10591	S:VAFFE	I:1	T:1997-07-07T00:00:00	T:1997-07-21T00:00:00	T:1997-07-16T00:00:00	I:1	F:55.92	S:Vaffeljernet	S:Smagsloget 45	S:Århus	~N~	S:8200	S:Denmark
I:10595	S:ERNSH	I:2	T:1997-07-10T00:00:00	T:1997-08-07T00:00:00	T:1997-07-14T00:00:00	I:1	F:96.78	S:Ernst Handel	S:Kirchgasse 6	S:Graz	~N~	S:8010	S:Austria
I:10597	S:PICCO	I:7	T:1997-07-11T00:00:00	T:1997-08-08T00:00:00	T:1997-07-18T00:00:00	I:3	F:35.12	S:Piccolo und mehr	S:Geislweg 14	S:Salzburg	~N~	S:5020	S:Austria
I:10599	S:BSBEV	I:6	T:1997-07-15T00:00:00	T:1997-08-26T00:00:00	T:1997-07-21T00:00:00	I:3	F:29.98	S:B's Beverages	S:Fauntleroy Circus	S:London	~N~	S:EC2 5NT	S:UK
I:10602	S:VAFFE	I:8	T:1997-07-17T00:00:00	T:1997-08-14T00:00:00	T:1997-07-22T00:00:00	I:2	F:2.92	S:Vaffeljernet	S:Smagsloget 45	S:Århus	~N~	S:8200	S:Denmark
I:10604	S:FURIB	I:1	T:1997-07-18T00:00:00	T:1997-08-15T00:00:00	T:1997-07-29T00:00:00	I:1	F:7.46	S:Furia Bacalhau e Frutos do Mar	S:Jardim das rosas n. 32	S:Lisboa	~N~	S:1675	S:Portugal
I:10611	S:WOLZA	I:6	T:1997-07-25T00:00:00	T:1997-08-22T00:00:00	T:1997-08-01T00:00:00	I:2	F:80.65	S:Wolski Zajazd	S:ul. Filtrowa 68	S:Warszawa	~N~	S:01-012	S:Poland
I:10615	S:WILMK	I:2	T:1997-07-30T00:00:00	T:1997-08-27T00:00:00	T:1997-08-06T00:00:00	I:3	F:0.75	S:Wilman Kala	S:Keskuskatu 45	S:Helsinki	~N~	S:21240	S:Finland
I:10625	S:ANATR	I:3	T:1997-08-08T00:00:00	T:1997-09-05T00:00:00	T:1997-08-14T00:00:00	I:1	F:43.9	S:Ana Trujillo Emparedados y helados	S:Avda. de la Constitución 2222	S:México D.F.	~N~	S:05021	S:Mexico
I:10626	S:BERGS	I:1	T:1997-08-11T00:00:00	T:1997-09-08T00:00:00	T:1997-08-20T00:00:00	I:2	F:138.69	S:Berglunds snabbköp	S:Berguvsvägen  8	S:Luleå	~N~	S:S-958 22	S:Sweden
I:10629	S:GODOS	I:4	T:1997-08-12T00:00:00	T:1997-09-09T00:00:00	T:1997-08-20T00:00:00	I:3	F:85.46	S:Godos Cocina Típica	S:C/ Romero, 33	S:Sevilla	~N~	S:41101	S:Spain
I:10633	S:ERNSH	I:7	T:1997-08-15T00:00:00	T:1997-09-12T00:00:00	T:1997-08-18T00:00:00	I:3	F:477.9	S:Ernst Handel	S:Kirchgasse 6	S:Graz	~N~	S:8010	S:Austria
I:10635	S:MAGAA	I:8	T:1997-08-18T00:00:00	T:1997-09-15T00:00:00	T:1997-08-21T00:00:00	I:3	F:47.46	S:Magazzini Alimentari Riuniti	S:Via Ludovico il Moro 22	S:Bergamo	~N~	S:24100	S:Italy
I:10636	S:WARTH	I:4	T:1997-08-19T00:00:00	T:1997-09-16T00:00:00	T:1997-08-26T00:00:00	I:1	F:1.15	S:Wartian Herkku	S:Torikatu 38	S:Oulu	~N~	S:90110	S:Finland
I:10639	S:SANTG	I:7	T:1997-08-20T00:00:00	T:1997-09-17T00:00:00	T:1997-08-27T00:00:00	I:3	F:38.64	S:Santé Gourmet	S:Erling Skakkes gate 78	S:Stavern	~N~	S:4110	S:Norway
I:10642	S:SIMOB	I:7	T:1997-08-22T00:00:00	T:1997-09-19T00:00:00	T:1997-09-05T00:00:00	I:3	F:41.89	S:Simons bistro	S:Vinbæltet 34	S:Kobenhavn	~N~	S:1734	S:Denmark
I:10649	S:MAISD	I:5	T:1997-08-28T00:00:00	T:1997-09-25T00:00:00	T:1997-08-29T00:00:00	I:3	F:6.2	S:Maison Dewey	S:Rue Joseph-Bens 532	S:Bruxelles	~N~	S:B-1180	S:Belgium
I:10654	S:BERGS	I:5	T:1997-09-02T00:00:00	T:1997-09-30T00:00:00	T:1997-09-11T00:00:00	I:1	F:55.26	S:Berglunds snabbköp	S:Berguvsvägen  8	S:Luleå	~N~	S:S-958 22	S:Sweden
I:10655	S:REGGC	I:1	T:1997-09-03T00:00:00	T:1997-10-01T00:00:00	T:1997-09-11T00:00:00	I:2	F:4.41	S:Reggiani Caseifici	S:Strada Provinciale 124	S:Reggio Emilia	~N~	S:42100	S:Italy
I:10664	S:FURIB	I:1	T:1997-09-10T00:00:00	T:1997-10-08T00:00:00	T:1997-09-19T00:00:00	I:3	F:1.27	S:Furia Bacalhau e Frutos do Mar	S:Jardim das rosas n. 32	S:Lisboa	~N~	S:1675	S:Portugal
I:10666	S:RICSU	I:7	T:1997-09-12T00:00:00	T:1997-10-10T00:00:00	T:1997-09-22T00:00:00	I:2	F:232.42	S:Richter Supermarkt	S:Starenweg 5	S:Genève	~N~	S:1204	S:Switzerland
I:10667	S:ERNSH	I:7	T:1997-09-12T00:00:00	T:1997-10-10T00:00:00	T:1997-09-19T00:00:00	I:1	F:78.09	S:Ernst Handel	S:Kirchgasse 6	S:Graz	~N~	S:8010	S:Austria
I:10669	S:SIMOB	I:2	T:1997-09-15T00:00:00	T:1997-10-13T00:00:00	T:1997-09-22T00:00:00	I:1	F:24.39	S:Simons bistro	S:Vinbæltet 34	S:Kobenhavn	~N~	S:1734	S:Denmark
I:10672	S:BERGS	I:9	T:1997-09-17T00:00:00	T:1997-10-01T00:00:00	T:1997-09-26T00:00:00	I:2	F:95.75	S:Berglunds snabbköp	S:Berguvsvägen  8	S:Luleå	~N~	S:S-958 22	S:Sweden
I:10673	S:WILMK	I:2	T:1997-09-18T00:00:00	T:1997-10-16T00:00:00	T:1997-09-19T00:00:00	I:1	F:22.76	S:Wilman Kala	S:Keskuskatu 45	S:Helsinki	~N~	S:21240	S:Finland
I:10676	S:TORTU	I:2	T:1997-09-22T00:00:00	T:1997-10-20T00:00:00	T:1997-09-29T00:00:00	I:2	F:2.01	S:Tortuga Restaurante	S:Avda. Azteca 123	S:México D.F.	~N~	S:05033	S:Mexico
I:10677	S:ANTON	I:1	T:1997-09-22T00:00:00	T:1997-10-20T00:00:00	T:1997-09-26T00:00:00	I:3	F:4.03	S:Antonio Moreno Taquería	S:Mataderos  2312	S:México D.F.	~N~	S:05023	S:Mexico
I:10682	S:ANTON	I:3	T:1997-09-25T00:00:00	T:1997-10-23T00:00:00	T:1997-10-01T00:00:00	I:2	F:36.13	S:Antonio Moreno Taquería	S:Mataderos  2312	S:México D.F.	~N~	S:05023	S:Mexico
I:10686	S:PICCO	I:2	T:1997-09-30T00:00:00	T:1997-10-28T00:00:00	T:1997-10-08T00:00:00	I:1	F:96.5	S:Piccolo und mehr	S:Geislweg 14	S:Salzburg	~N~	S:5020	S:Austria
I:10688	S:VAFFE	I:4	T:1997-10-01T00:00:00	T:1997-10-15T00:00:00	T:1997-10-07T00:00:00	I:2	F:299.09	S:Vaffeljernet	S:Smagsloget 45	S:Århus	~N~	S:8200	S:Denmark
I:10689	S:BERGS	I:1	T:1997-10-01T00:00:00	T:1997-10-29T00:00:00	T:1997-10-07T00:00:00	I:2	F:13.42	S:Berglunds snabbköp	S:Berguvsvägen  8	S:Luleå	~N~	S:S-958 22	S:Sweden
I:10695	S:WILMK	I:7	T:1997-10-07T00:00:00	T:1997-11-18T00:00:00	T:1997-10-14T00:00:00	I:1	F:16.72	S:Wilman Kala	S:Keskuskatu 45	S:Helsinki	~N~	S:21240	S:Finland
I:10698	S:ERNSH	I:4	T:1997-10-09T00:00:00	T:1997-11-06T00:00:00	T:1997-10-17T00:00:00	I:1	F:272.47	S:Ernst Handel	S:Kirchgasse 6	S:Graz	~N~	S:8010	S:Austria
I:10703	S:FOLKO	I:6	T:1997-10-14T00:00:00	T:1997-11-11T00:00:00	T:1997-10-20T00:00:00	I:2	F:152.3	S:Folk och fä HB	S:Åkergatan 24	S:Bräcke	~N~	S:S-844 67	S:Sweden
I:10710	S:FRANS	I:1	T:1997-10-20T00:00:00	T:1997-11-17T00:00:00	T:1997-10-23T00:00:00	I:1	F:4.98	S:Franchi S.p.A.	S:Via Monte Bianco 34	S:Torino	~N~	S:10100	S:Italy
I:10716	S:RANCH	I:4	T:1997-10-24T00:00:00	T:1997-11-21T00:00:00	T:1997-10-27T00:00:00	I:2	F:22.57	S:Rancho grande	S:Av. del Libertador 900	S:Buenos Aires	~N~	S:1010	S:Argentina
I:10726	S:EASTC	I:4	T:1997-11-03T00:00:00	T:1997-11-17T00:00:00	T:1997-12-05T00:00:00	I:1	F:16.56	S:Eastern Connection	S:35 King George	S:London	~N~	S:WX3 6FW	S:UK
I:10727	S:REGGC	I:2	T:1997-11-03T00:00:00	T:1997-12-01T00:00:00	T:1997-12-05T00:00:00	I:1	F:89.9	S:Reggiani Caseifici	S:Strada Provinciale 124	S:Reggio Emilia	~N~	S:42100	S:Italy
I:10731	S:CHOPS	I:7	T:1997-11-06T00:00:00	T:1997-12-04T00:00:00	T:1997-11-14T00:00:00	I:1	F:96.65	S:Chop-suey Chinese	S:Hauptstr. 31	S:Bern	~N~	S:3012	S:Switzerland
I:10733	S:BERGS	I:1	T:1997-11-07T00:00:00	T:1997-12-05T00:00:00	T:1997-11-10T00:00:00	I:3	F:110.11	S:Berglunds snabbköp	S:Berguvsvägen  8	S:Luleå	~N~	S:S-958 22	S:Sweden
I:10744	S:VAFFE	I:6	T:1997-11-17T00:00:00	T:1997-12-15T00:00:00	T:1997-11-24T00:00:00	I:1	F:69.19	S:Vaffeljernet	S:Smagsloget 45	S:Århus	~N~	S:8200	S:Denmark
I:10746	S:CHOPS	I:1	T:1997-11-19T00:00:00	T:1997-12-17T00:00:00	T:1997-11-21T00:00:00	I:3	F:31.43	S:Chop-suey Chinese	S:Hauptstr. 31	S:Bern	~N~	S:3012	S:Switzerland
I:10747	S:PICCO	I:6	T:1997-11-19T00:00:00	T:1997-12-17T00:00:00	T:1997-11-26T00:00:00	I:1	F:117.33	S:Piccolo und mehr	S:Geislweg 14	S:Salzburg	~N~	S:5020	S:Austria
I:10750	S:WARTH	I:9	T:1997-11-21T00:00:00	T:1997-12-19T00:00:00	T:1997-11-24T00:00:00	I:1	F:79.3	S:Wartian Herkku	S:Torikatu 38	S:Oulu	~N~	S:90110	S:Finland
I:10751	S:RICSU	I:3	T:1997-11-24T00:00:00	T:1997-12-22T00:00:00	T:1997-12-03T00:00:00	I:3	F:130.79	S:Richter Supermarkt	S:Starenweg 5	S:Genève	~N~	S:1204	S:Switzerland
I:10752	S:NORTS	I:2	T:1997-11-24T00:00:00	T:1997-12-22T00:00:00	T:1997-11-28T00:00:00	I:3	F:1.39	S:North/South	S:South House 300 Queensbridge	S:London	~N~	S:SW7 1RZ	S:UK
I:10753	S:FRANS	I:3	T:1997-11-25T00:00:00	T:1997-12-23T00:00:00	T:1997-11-27T00:00:00	I:1	F:7.7	S:Franchi S.p.A.	S:Via Monte Bianco 34	S:Torino	~N~	S:10100	S:Italy
I:10754	S:MAGAA	I:6	T:1997-11-25T00:00:00	T:1997-12-23T00:00:00	T:1997-11-27T00:00:00	I:3	F:2.38	S:Magazzini Alimentari Riuniti	S:Via Ludovico il Moro 22	S:Bergamo	~N~	S:24100	S:Italy
I:10758	S:RICSU	I:3	T:1997-11-28T00:00:00	T:1997-12-26T00:00:00	T:1997-12-04T00:00:00	I:3	F:138.17	S:Richter Supermarkt	S:Starenweg 5	S:Genève	~N~	S:1204	S:Switzerland
I:10759	S:ANATR	I:3	T:1997-11-28T00:00:00	T:1997-12-26T00:00:00	T:1997-12-12T00:00:00	I:3	F:11.99	S:Ana Trujillo Emparedados y helados	S:Avda. de la Constitución 2222	S:México D.F.	~N~	S:05021	S:Mexico
I:10760	S:MAISD	I:4	T:1997-12-01T00:00:00	T:1997-12-29T00:00:00	T:1997-12-10T00:00:00	I:1	F:155.64	S:Maison Dewey	S:Rue Joseph-Bens 532	S:Bruxelles	~N~	S:B-1180	S:Belgium
I:10762	S:FOLKO	I:3	T:1997-12-02T00:00:00	T:1997-12-30T00:00:00	T:1997-12-09T00:00:00	I:1	F:328.74	S:Folk och fä HB	S:Åkergatan 24	S:Bräcke	~N~	S:S-844 67	S:Sweden
I:10764	S:ERNSH	I:6	T:1997-12-03T00:00:00	T:1997-12-31T00:00:00	T:1997-12-08T00:00:00	I:3	F:145.45	S:Ernst Handel	S:Kirchgasse 6	S:Graz	~N~	S:8010	S:Austria
I:10767	S:SUPRD	I:4	T:1997-12-05T00:00:00	T:1998-01-02T00:00:00	T:1997-12-15T00:00:00	I:3	F:1.59	S:Suprêmes délices	S:Boulevard Tirou, 255	S:Charleroi	~N~	S:B-6000	S:Belgium
I:10769	S:VAFFE	I:3	T:1997-12-08T00:00:00	T:1998-01-05T00:00:00	T:1997-12-12T00:00:00	I:1	F:65.06	S:Vaffeljernet	S:Smagsloget 45	S:Århus	~N~	S:8200	S:Denmark
I:10771	S:ERNSH	I:9	T:1997-12-10T00:00:00	T:1998-01-07T00:00:00	T:1998-01-02T00:00:00	I:2	F:11.19	S:Ernst Handel	S:Kirchgasse 6	S:Graz	~N~	S:8010	S:Austria
I:10773	S:ERNSH	I:1	T:1997-12-11T00:00:00	T:1998-01-08T00:00:00	T:1997-12-16T00:00:00	I:3	F:96.43	S:Ernst Handel	S:Kirchgasse 6	S:Graz	~N~	S:8010	S:Austria
I:10774	S:FOLKO	I:4	T:1997-12-11T00:00:00	T:1997-12-25T00:00:00	T:1997-12-12T00:00:00	I:1	F:48.2	S:Folk och fä HB	S:Åkergatan 24	S:Bräcke	~N~	S:S-844 67	S:Sweden
I:10776	S:ERNSH	I:1	T:1997-12-15T00:00:00	T:1998-01-12T00:00:00	T:1997-12-18T00:00:00	I:3	F:351.53	S:Ernst Handel	S:Kirchgasse 6	S:Graz	~N~	S:8010	S:Austria
I:10778	S:BERGS	I:3	T:1997-12-16T00:00:00	T:1998-01-13T00:00:00	T:1997-12-24T00:00:00	I:1	F:6.79	S:Berglunds snabbköp	S:Berguvsvägen  8	S:Luleå	~N~	S:S-958 22	S:Sweden
I:10781	S:WARTH	I:2	T:1997-12-17T00:00:00	T:1998-01-14T00:00:00	T:1997-12-19T00:00:00	I:3	F:73.16	S:Wartian Herkku	S:Torikatu 38	S:Oulu	~N~	S:90110	S:Finland
I:10782	S:CACTU	I:9	T:1997-12-17T00:00:00	T:1998-01-14T00:00:00	T:1997-12-22T00:00:00	I:3	F:1.1	S:Cactus Comidas para llevar	S:Cerrito 333	S:Buenos Aires	~N~	S:1010	S:Argentina
I:10784	S:MAGAA	I:4	T:1997-12-18T00:00:00	T:1998-01-15T00:00:00	T:1997-12-22T00:00:00	I:3	F:70.09	S:Magazzini Alimentari Riuniti	S:Via Ludovico il Moro 22	S:Bergamo	~N~	S:24100	S:Italy
I:10792	S:WOLZA	I:1	T:1997-12-23T00:00:00	T:1998-01-20T00:00:00	T:1997-12-31T00:00:00	I:3	F:23.79	S:Wolski Zajazd	S:ul. Filtrowa 68	S:Warszawa	~N~	S:01-012	S:Poland
I:10795	S:ERNSH	I:8	T:1997-12-24T00:00:00	T:1998-01-21T00:00:00	T:1998-01-20T00:00:00	I:2	F:126.66	S:Ernst Handel	S:Kirchgasse 6	S:Graz	~N~	S:8010	S:Austria
I:10800	S:SEVES	I:1	T:1997-12-26T00:00:00	T:1998-01-23T00:00:00	T:1998-01-05T00:00:00	I:3	F:137.44	S:Seven Seas Imports	S:90 Wadhurst Rd.	S:London	~N~	S:OX15 4NB	S:UK
I:10801	S:BOLID	I:4	T:1997-12-29T00:00:00	T:1998-01-26T00:00:00	T:1997-12-31T00:00:00	I:2	F:97.09	S:Bólido Comidas preparadas	S:C/ Araquil, 67	S:Madrid	~N~	S:28023	S:Spain
I:10802	S:SIMOB	I:4	T:1997-12-29T00:00:00	T:1998-01-26T00:00:00	T:1998-01-02T00:00:00	I:2	F:257.26	S:Simons bistro	S:Vinbæltet 34	S:Kobenhavn	~N~	S:1734	S:Denmark
I:10804	S:SEVES	I:6	T:1997-12-30T00:00:00	T:1998-01-27T00:00:00	T:1998-01-07T00:00:00	I:2	F:27.33	S:Seven Seas Imports	S:90 Wadhurst Rd.	S:London	~N~	S:OX15 4NB	S:UK
I:10807	S:FRANS	I:4	T:1997-12-31T00:00:00	T:1998-01-28T00:00:00	T:1998-01-30T00:00:00	I:1	F:1.36	S:Franchi S.p.A.	S:Via Monte Bianco 34	S:Torino	~N~	S:10100	S:Italy
I:10812	S:REGGC	I:5	T:1998-01-02T00:00:00	T:1998-01-30T00:00:00	T:1998-01-12T00:00:00	I:1	F:59.78	S:Reggiani Caseifici	S:Strada Provinciale 124	S:Reggio Emilia	~N~	S:42100	S:Italy
I:10818	S:MAGAA	I:7	T:1998-01-07T00:00:00	T:1998-02-04T00:00:00	T:1998-01-12T00:00:00	I:3	F:65.48	S:Magazzini Alimentari Riuniti	S:Via Ludovico il Moro 22	S:Bergamo	~N~	S:24100	S:Italy
I:10819	S:CACTU	I:2	T:1998-01-07T00:00:00	T:1998-02-04T00:00:00	T:1998-01-16T00:00:00	I:3	F:19.76	S:Cactus Comidas para llevar	S:Cerrito 333	S:Buenos Aires	~N~	S:1010	S:Argentina
I:10824	S:FOLKO	I:8	T:1998-01-09T00:00:00	T:1998-02-06T00:00:00	T:1998-01-30T00:00:00	I:1	F:1.23	S:Folk och fä HB	S:Åkergatan 24	S:Bräcke	~N~	S:S-844 67	S:Sweden
I:10828	S:RANCH	I:9	T:1998-01-13T00:00:00	T:1998-01-27T00:00:00	T:1998-02-04T00:00:00	I:1	F:90.85	S:Rancho grande	S:Av. del Libertador 900	S:Buenos Aires	~N~	S:1010	S:Argentina
I:10831	S:SANTG	I:3	T:1998-01-14T00:00:00	T:1998-02-11T00:00:00	T:1998-01-23T00:00:00	I:2	F:72.19	S:Santé Gourmet	S:Erling Skakkes gate 78	S:Stavern	~N~	S:4110	S:Norway
I:10836	S:ERNSH	I:7	T:1998-01-16T00:00:00	T:1998-02-13T00:00:00	T:1998-01-21T00:00:00	I:1	F:411.88	S:Ernst Handel	S:Kirchgasse 6	S:Graz	~N~	S:8010	S:Austria
I:10837	S:BERGS	I:9	T:1998-01-16T00:00:00	T:1998-02-13T00:00:00	T:1998-01-23T00:00:00	I:3	F:13.32	S:Berglunds snabbköp	S:Berguvsvägen  8	S:Luleå	~N~	S:S-958 22	S:Sweden
I:10841	S:SUPRD	I:5	T:1998-01-20T00:00:00	T:1998-02-17T00:00:00	T:1998-01-29T00:00:00	I:2	F:424.3	S:Suprêmes délices	S:Boulevard Tirou, 255	S:Charleroi	~N~	S:B-6000	S:Belgium
I:10842	S:TORTU	I:1	T:1998-01-20T00:00:00	T:1998-02-17T00:00:00	T:1998-01-29T00:00:00	I:3	F:54.42	S:Tortuga Restaurante	S:Avda. Azteca 123	S:México D.F.	~N~	S:05033	S:Mexico
I:10844	S:PICCO	I:8	T:1998-01-21T00:00:00	T:1998-02-18T00:00:00	T:1998-01-26T00:00:00	I:2	F:25.22	S:Piccolo und mehr	S:Geislweg 14	S:Salzburg	~N~	S:5020	S:Austria
I:10846	S:SUPRD	I:2	T:1998-01-22T00:00:00	T:1998-03-05T00:00:00	T:1998-01-23T00:00:00	I:3	F:56.46	S:Suprêmes délices	S:Boulevard Tirou, 255	S:Charleroi	~N~	S:B-6000	S:Belgium
I:10848	S:CONSH	I:7	T:1998-01-23T00:00:00	T:1998-02-20T00:00:00	T:1998-01-29T00:00:00	I:2	F:38.24	S:Consolidated Holdings	S:Berkeley Gardens 12  Brewery	S:London	~N~	S:WX1 6LT	S:UK
I:10854	S:ERNSH	I:3	T:1998-01-27T00:00:00	T:1998-02-24T00:00:00	T:1998-02-05T00:00:00	I:2	F:100.22	S:Ernst Handel	S:Kirchgasse 6	S:Graz	~N~	S:8010	S:Austria
I:10856	S:ANTON	I:3	T:1998-01-28T00:00:00	T:1998-02-25T00:00:00	T:1998-02-10T00:00:00	I:2	F:58.43	S:Antonio Moreno Taquería	S:Mataderos  2312	S:México D.F.	~N~	S:05023	S:Mexico
I:10857	S:BERGS	I:8	T:1998-01-28T00:00:00	T:1998-02-25T00:00:00	T:1998-02-06T00:00:00	I:2	F:188.85	S:Berglunds snabbköp	S:Berguvsvägen  8	S:Luleå	~N~	S:S-958 22	S:Sweden
I:10866	S:BERGS	I:5	T:1998-02-03T00:00:00	T:1998-03-03T00:00:00	T:1998-02-12T00:00:00	I:1	F:109.11	S:Berglunds snabbköp	S:Berguvsvägen  8	S:Luleå	~N~	S:S-958 22	S:Sweden
I:10869	S:SEVES	I:5	T:1998-02-04T00:00:00	T:1998-03-04T00:00:00	T:1998-02-09T00:00:00	I:1	F:143.28	S:Seven Seas Imports	S:90 Wadhurst Rd.	S:London	~N~	S:OX15 4NB	S:UK
I:10870	S:WOLZA	I:5	T:1998-02-04T00:00:00	T:1998-03-04T00:00:00	T:1998-02-13T00:00:00	I:3	F:12.04	S:Wolski Zajazd	S:ul. Filtrowa 68	S:Warszawa	~N~	S:01-012	S:Poland
I:10872	S:GODOS	I:5	T:1998-02-05T00:00:00	T:1998-03-05T00:00:00	T:1998-02-09T00:00:00	I:2	F:175.32	S:Godos Cocina Típica	S:C/ Romero, 33	S:Sevilla	~N~	S:41101	S:Spain
I:10873	S:WILMK	I:4	T:1998-02-06T00:00:00	T:1998-03-06T00:00:00	T:1998-02-09T00:00:00	I:1	F:0.82	S:Wilman Kala	S:Keskuskatu 45	S:Helsinki	~N~	S:21240	S:Finland
I:10874	S:GODOS	I:5	T:1998-02-06T00:00:00	T:1998-03-06T00:00:00	T:1998-02-11T00:00:00	I:2	F:19.58	S:Godos Cocina Típica	S:C/ Romero, 33	S:Sevilla	~N~	S:41101	S:Spain
I:10875	S:BERGS	I:4	T:1998-02-06T00:00:00	T:1998-03-06T00:00:00	T:1998-03-03T00:00:00	I:2	F:32.37	S:Berglunds snabbköp	S:Berguvsvägen  8	S:Luleå	~N~	S:S-958 22	S:Sweden
I:10879	S:WILMK	I:3	T:1998-02-10T00:00:00	T:1998-03-10T00:00:00	T:1998-02-12T00:00:00	I:3	F:8.5	S:Wilman Kala	S:Keskuskatu 45	S:Helsinki	~N~	S:21240	S:Finland
I:10880	S:FOLKO	I:7	T:1998-02-10T00:00:00	T:1998-03-24T00:00:00	T:1998-02-18T00:00:00	I:1	F:88.01	S:Folk och fä HB	S:Åkergatan 24	S:Bräcke	~N~	S:S-844 67	S:Sweden
I:10881	S:CACTU	I:4	T:1998-02-11T00:00:00	T:1998-03-11T00:00:00	T:1998-02-18T00:00:00	I:1	F:2.84	S:Cactus Comidas para llevar	S:Cerrito 333	S:Buenos Aires	~N~	S:1010	S:Argentina
I:10885	S:SUPRD	I:6	T:1998-02-12T00:00:00	T:1998-03-12T00:00:00	T:1998-02-18T00:00:00	I:3	F:5.64	S:Suprêmes délices	S:Boulevard Tirou, 255	S:Charleroi	~N~	S:B-6000	S:Belgium
I:10887	S:GALED	I:8	T:1998-02-13T00:00:00	T:1998-03-13T00:00:00	T:1998-02-16T00:00:00	I:3	F:1.25	S:Galería del gastronómo	S:Rambla de Cataluña, 23	S:Barcelona	~N~	S:8022	S:Spain
I:10888	S:GODOS	I:1	T:1998-02-16T00:00:00	T:1998-03-16T00:00:00	T:1998-02-23T00:00:00	I:2	F:51.87	S:Godos Cocina Típica	S:C/ Romero, 33	S:Sevilla	~N~	S:41101	S:Spain
I:10892	S:MAISD	I:4	T:1998-02-17T00:00:00	T:1998-03-17T00:00:00	T:1998-02-19T00:00:00	I:2	F:120.27	S:Maison Dewey	S:Rue Joseph-Bens 532	S:Bruxelles	~N~	S:B-1180	S:Belgium
I:10895	S:ERNSH	I:3	T:1998-02-18T00:00:00	T:1998-03-18T00:00:00	T:1998-02-23T00:00:00	I:1	F:162.75	S:Ernst Handel	S:Kirchgasse 6	S:Graz	~N~	S:8010	S:Austria
I:10896	S:MAISD	I:7	T:1998-02-19T00:00:00	T:1998-03-19T00:00:00	T:1998-02-27T00:00:00	I:3	F:32.45	S:Maison Dewey	S:Rue Joseph-Bens 532	S:Bruxelles	~N~	S:B-1180	S:Belgium
I:10898	S:OCEAN	I:4	T:1998-02-20T00:00:00	T:1998-03-20T00:00:00	T:1998-03-06T00:00:00	I:2	F:1.27	S:Océano Atlántico Ltda.	S:Ing. Gustavo Moncada 8585 Piso 20-A	S:Buenos Aires	~N~	S:1010	S:Argentina
I:10902	S:FOLKO	I:1	T:1998-02-23T00:00:00	T:1998-03-23T00:00:00	T:1998-03-03T00:00:00	I:1	F:44.15	S:Folk och fä HB	S:Åkergatan 24	S:Bräcke	~N~	S:S-844 67	S:Sweden
I:10906	S:WOLZA	I:4	T:1998-02-25T00:00:00	T:1998-03-11T00:00:00	T:1998-03-03T00:00:00	I:3	F:26.29	S:Wolski Zajazd	S:ul. Filtrowa 68	S:Warszawa	~N~	S:01-012	S:Poland
I:10908	S:REGGC	I:4	T:1998-02-26T00:00:00	T:1998-03-26T00:00:00	T:1998-03-06T00:00:00	I:2	F:32.96	S:Reggiani Caseifici	S:Strada Provinciale 124	S:Reggio Emilia	~N~	S:42100	S:Italy
I:10909	S:SANTG	I:1	T:1998-02-26T00:00:00	T:1998-03-26T00:00:00	T:1998-03-10T00:00:00	I:2	F:53.05	S:Santé Gourmet	S:Erling Skakkes gate 78	S:Stavern	~N~	S:4110	S:Norway
I:10910	S:WILMK	I:1	T:1998-02-26T00:00:00	T:1998-03-26T00:00:00	T:1998-03-04T00:00:00	I:3	F:38.11	S:Wilman Kala	S:Keskuskatu 45	S:Helsinki	~N~	S:21240	S:Finland
I:10911	S:GODOS	I:3	T:1998-02-26T00:00:00	T:1998-03-26T00:00:00	T:1998-03-05T00:00:00	I:1	F:38.19	S:Godos Cocina Típica	S:C/ Romero, 33	S:Sevilla	~N~	S:41101	S:Spain
I:10915	S:TORTU	I:2	T:1998-02-27T00:00:00	T:1998-03-27T00:00:00	T:1998-03-02T00:00:00	I:2	F:3.51	S:Tortuga Restaurante	S:Avda. Azteca 123	S:México D.F.	~N~	S:05033	S:Mexico
I:10916	S:RANCH	I:1	T:1998-02-27T00:00:00	T:1998-03-27T00:00:00	T:1998-03-09T00:00:00	I:2	F:63.77	S:Rancho grande	S:Av. del Libertador 900	S:Buenos Aires	~N~	S:1010	S:Argentina
I:10917	S:ROMEY	I:4	T:1998-03-02T00:00:00	T:1998-03-30T00:00:00	T:1998-03-11T00:00:00	I:2	F:8.29	S:Romero y tomillo	S:Gran Vía, 1	S:Madrid	~N~	S:28001	S:Spain
I:10921	S:VAFFE	I:1	T:1998-03-03T00:00:00	T:1998-04-14T00:00:00	T:1998-03-09T00:00:00	I:1	F:176.48	S:Vaffeljernet	S:Smagsloget 45	S:Århus	~N~	S:8200	S:Denmark
I:10924	S:BERGS	I:3	T:1998-03-04T00:00:00	T:1998-04-01T00:00:00	T:1998-04-08T00:00:00	I:2	F:151.52	S:Berglunds snabbköp	S:Berguvsvägen  8	S:Luleå	~N~	S:S-958 22	S:Sweden
I:10926	S:ANATR	I:4	T:1998-03-04T00:00:00	T:1998-04-01T00:00:00	T:1998-03-11T00:00:00	I:3	F:39.92	S:Ana Trujillo Emparedados y helados	S:Avda. de la Constitución 2222	S:México D.F.	~N~	S:05021	S:Mexico
I:10928	S:GALED	I:1	T:1998-03-05T00:00:00	T:1998-04-02T00:00:00	T:1998-03-18T00:00:00	I:1	F:1.36	S:Galería del gastronómo	S:Rambla de Cataluña, 23	S:Barcelona	~N~	S:8022	S:Spain
I:10930	S:SUPRD	I:4	T:1998-03-06T00:00:00	T:1998-04-17T00:00:00	T:1998-03-18T00:00:00	I:3	F:15.55	S:Suprêmes délices	S:Boulevard Tirou, 255	S:Charleroi	~N~	S:B-6000	S:Belgium
I:10931	S:RICSU	I:4	T:1998-03-06T00:00:00	T:1998-03-20T00:00:00	T:1998-03-19T00:00:00	I:2	F:13.6	S:Richter Supermarkt	S:Starenweg 5	S:Genève	~N~	S:1204	S:Switzerland
I:10937	S:CACTU	I:7	T:1998-03-10T00:00:00	T:1998-03-24T00:00:00	T:1998-03-13T00:00:00	I:3	F:31.51	S:Cactus Comidas para llevar	S:Cerrito 333	S:Buenos Aires	~N~	S:1010	S:Argentina
I:10939	S:MAGAA	I:2	T:1998-03-10T00:00:00	T:1998-04-07T00:00:00	T:1998-03-13T00:00:00	I:2	F:76.33	S:Magazzini Alimentari Riuniti	S:Via Ludovico il Moro 22	S:Bergamo	~N~	S:24100	S:Italy
I:10942	S:REGGC	I:9	T:1998-03-11T00:00:00	T:1998-04-08T00:00:00	T:1998-03-18T00:00:00	I:3	F:17.95	S:Reggiani Caseifici	S:Strada Provinciale 124	S:Reggio Emilia	~N~	S:42100	S:Italy
I:10943	S:BSBEV	I:4	T:1998-03-11T00:00:00	T:1998-04-08T00:00:00	T:1998-03-19T00:00:00	I:2	F:2.17	S:B's Beverages	S:Fauntleroy Circus	S:London	~N~	S:EC2 5NT	S:UK
I:10946	S:VAFFE	I:1	T:1998-03-12T00:00:00	T:1998-04-09T00:00:00	T:1998-03-19T00:00:00	I:2	F:27.2	S:Vaffeljernet	S:Smagsloget 45	S:Århus	~N~	S:8200	S:Denmark
I:10947	S:BSBEV	I:3	T:1998-03-13T00:00:00	T:1998-04-10T00:00:00	T:1998-03-16T00:00:00	I:2	F:3.26	S:B's Beverages	S:Fauntleroy Circus	S:London	~N~	S:EC2 5NT	S:UK
I:10948	S:GODOS	I:3	T:1998-03-13T00:00:00	T:1998-04-10T00:00:00	T:1998-03-19T00:00:00	I:3	F:23.39	S:Godos Cocina Típica	S:C/ Romero, 33	S:Sevilla	~N~	S:41101	S:Spain
I:10950	S:MAGAA	I:1	T:1998-03-16T00:00:00	T:1998-04-13T00:00:00	T:1998-03-23T00:00:00	I:2	F:2.5	S:Magazzini Alimentari Riuniti	S:Via Ludovico il Moro 22	S:Bergamo	~N~	S:24100	S:Italy
I:10951	S:RICSU	I:9	T:1998-03-16T00:00:00	T:1998-04-27T00:00:00	T:1998-04-07T00:00:00	I:2	F:30.85	S:Richter Supermarkt	S:Starenweg 5	S:Genève	~N~	S:1204	S:Switzerland
I:10955	S:FOLKO	I:8	T:1998-03-17T00:00:00	T:1998-04-14T00:00:00	T:1998-03-20T00:00:00	I:2	F:3.26	S:Folk och fä HB	S:Åkergatan 24	S:Bräcke	~N~	S:S-844 67	S:Sweden
I:10958	S:OCEAN	I:7	T:1998-03-18T00:00:00	T:1998-04-15T00:00:00	T:1998-03-27T00:00:00	I:2	F:49.56	S:Océano Atlántico Ltda.	S:Ing. Gustavo Moncada 8585 Piso 20-A	S:Buenos Aires	~N~	S:1010	S:Argentina
I:10963	S:FURIB	I:9	T:1998-03-19T00:00:00	T:1998-04-16T00:00:00	T:1998-03-26T00:00:00	I:3	F:2.7	S:Furia Bacalhau e Frutos do Mar	S:Jardim das rosas n. 32	S:Lisboa	~N~	S:1675	S:Portugal
I:10966	S:CHOPS	I:4	T:1998-03-20T00:00:00	T:1998-04-17T00:00:00	T:1998-04-08T00:00:00	I:1	F:27.19	S:Chop-suey Chinese	S:Hauptstr. 31	S:Bern	~N~	S:3012	S:Switzerland
I:10968	S:ERNSH	I:1	T:1998-03-23T00:00:00	T:1998-04-20T00:00:00	T:1998-04-01T00:00:00	I:3	F:74.6	S:Ernst Handel	S:Kirchgasse 6	S:Graz	~N~	S:8010	S:Austria
I:10970	S:BOLID	I:9	T:1998-03-24T00:00:00	T:1998-04-07T00:00:00	T:1998-04-24T00:00:00	I:1	F:16.16	S:Bólido Comidas preparadas	S:C/ Araquil, 67	S:Madrid	~N~	S:28023	S:Spain
I:10977	S:FOLKO	I:8	T:1998-03-26T00:00:00	T:1998-04-23T00:00:00	T:1998-04-10T00:00:00	I:3	F:208.5	S:Folk och fä HB	S:Åkergatan 24	S:Bräcke	~N~	S:S-844 67	S:Sweden
I:10978	S:MAISD	I:9	T:1998-03-26T00:00:00	T:1998-04-23T00:00:00	T:1998-04-23T00:00:00	I:2	F:32.82	S:Maison Dewey	S:Rue Joseph-Bens 532	S:Bruxelles	~N~	S:B-1180	S:Belgium
I:10979	S:ERNSH	I:8	T:1998-03-26T00:00:00	T:1998-04-23T00:00:00	T:1998-03-31T00:00:00	I:2	F:353.07	S:Ernst Handel	S:Kirchgasse 6	S:Graz	~N~	S:8010	S:Austria
I:10980	S:FOLKO	I:4	T:1998-03-27T00:00:00	T:1998-05-08T00:00:00	T:1998-04-17T00:00:00	I:1	F:1.26	S:Folk och fä HB	S:Åkergatan 24	S:Bräcke	~N~	S:S-844 67	S:Sweden
I:10986	S:OCEAN	I:8	T:1998-03-30T00:00:00	T:1998-04-27T00:00:00	T:1998-04-21T00:00:00	I:2	F:217.86	S:Océano Atlántico Ltda.	S:Ing. Gustavo Moncada 8585 Piso 20-A	S:Buenos Aires	~N~	S:1010	S:Argentina
I:10987	S:EASTC	I:8	T:1998-03-31T00:00:00	T:1998-04-28T00:00:00	T:1998-04-06T00:00:00	I:1	F:185.48	S:Eastern Connection	S:35 King George	S:London	~N~	S:WX3 6FW	S:UK
I:10990	S:ERNSH	I:2	T:1998-04-01T00:00:00	T:1998-05-13T00:00:00	T:1998-04-07T00:00:00	I:3	F:117.61	S:Ernst Handel	S:Kirchgasse 6	S:Graz	~N~	S:8010	S:Austria
I:10993	S:FOLKO	I:7	T:1998-04-01T00:00:00	T:1998-04-29T00:00:00	T:1998-04-10T00:00:00	I:3	F:8.81	S:Folk och fä HB	S:Åkergatan 24	S:Bräcke	~N~	S:S-844 67	S:Sweden
I:10994	S:VAFFE	I:2	T:1998-04-02T00:00:00	T:1998-04-16T00:00:00	T:1998-04-09T00:00:00	I:3	F:65.53	S:Vaffeljernet	S:Smagsloget 45	S:Århus	~N~	S:8200	S:Denmark
I:10995	S:PERIC	I:1	T:1998-04-02T00:00:00	T:1998-04-30T00:00:00	T:1998-04-06T00:00:00	I:3	F:46	S:Pericles Comidas clásicas	S:Calle Dr. Jorge Cash 321	S:México D.F.	~N~	S:05033	S:Mexico
I:10998	S:WOLZA	I:8	T:1998-04-03T00:00:00	T:1998-04-17T00:00:00	T:1998-04-17T00:00:00	I:2	F:20.31	S:Wolski Zajazd	S:ul. Filtrowa 68	S:Warszawa	~N~	S:01-012	S:Poland
I:11001	S:FOLKO	I:2	T:1998-04-06T00:00:00	T:1998-05-04T00:00:00	T:1998-04-14T00:00:00	I:2	F:197.3	S:Folk och fä HB	S:Åkergatan 24	S:Bräcke	~N~	S:S-844 67	S:Sweden
I:11004	S:MAISD	I:3	T:1998-04-07T00:00:00	T:1998-05-05T00:00:00	T:1998-04-20T00:00:00	I:1	F:44.84	S:Maison Dewey	S:Rue Joseph-Bens 532	S:Bruxelles	~N~	S:B-1180	S:Belgium
I:11005	S:WILMK	I:2	T:1998-04-07T00:00:00	T:1998-05-05T00:00:00	T:1998-04-10T00:00:00	I:1	F:0.75	S:Wilman Kala	S:Keskuskatu 45	S:Helsinki	~N~	S:21240	S:Finland
I:11007	S:PRINI	I:8	T:1998-04-08T00:00:00	T:1998-05-06T00:00:00	T:1998-04-13T00:00:00	I:2	F:202.24	S:Princesa Isabel Vinhos	S:Estrada da saúde n. 58	S:Lisboa	~N~	S:1756	S:Portugal
I:11008	S:ERNSH	I:7	T:1998-04-08T00:00:00	T:1998-05-06T00:00:00	~N~	I:3	F:79.46	S:Ernst Handel	S:Kirchgasse 6	S:Graz	~N~	S:8010	S:Austria
I:11009	S:GODOS	I:2	T:1998-04-08T00:00:00	T:1998-05-06T00:00:00	T:1998-04-10T00:00:00	I:1	F:59.11	S:Godos Cocina Típica	S:C/ Romero, 33	S:Sevilla	~N~	S:41101	S:Spain
I:11010	S:REGGC	I:2	T:1998-04-09T00:00:00	T:1998-05-07T00:00:00	T:1998-04-21T00:00:00	I:2	F:28.71	S:Reggiani Caseifici	S:Strada Provinciale 124	S:Reggio Emilia	~N~	S:42100	S:Italy
I:11013	S:ROMEY	I:2	T:1998-04-09T00:00:00	T:1998-05-07T00:00:00	T:1998-04-10T00:00:00	I:1	F:32.99	S:Romero y tomillo	S:Gran Vía, 1	S:Madrid	~N~	S:28001	S:Spain
I:11015	S:SANTG	I:2	T:1998-04-10T00:00:00	T:1998-04-24T00:00:00	T:1998-04-20T00:00:00	I:2	F:4.62	S:Santé Gourmet	S:Erling Skakkes gate 78	S:Stavern	~N~	S:4110	S:Norway
I:11017	S:ERNSH	I:9	T:1998-04-13T00:00:00	T:1998-05-11T00:00:00	T:1998-04-20T00:00:00	I:2	F:754.26	S:Ernst Handel	S:Kirchgasse 6	S:Graz	~N~	S:8010	S:Austria
I:11019	S:RANCH	I:6	T:1998-04-13T00:00:00	T:1998-05-11T00:00:00	~N~	I:3	F:3.17	S:Rancho grande	S:Av. del Libertador 900	S:Buenos Aires	~N~	S:1010	S:Argentina
I:11023	S:BSBEV	I:1	T:1998-04-14T00:00:00	T:1998-04-28T00:00:00	T:1998-04-24T00:00:00	I:2	F:123.83	S:B's Beverages	S:Fauntleroy Circus	S:London	~N~	S:EC2 5NT	S:UK
I:11024	S:EASTC	I:4	T:1998-04-15T00:00:00	T:1998-05-13T00:00:00	T:1998-04-20T00:00:00	I:1	F:74.36	S:Eastern Connection	S:35 King George	S:London	~N~	S:WX3 6FW	S:UK
I:11025	S:WARTH	I:6	T:1998-04-15T00:00:00	T:1998-05-13T00:00:00	T:1998-04-24T00:00:00	I:3	F:29.17	S:Wartian Herkku	S:Torikatu 38	S:Oulu	~N~	S:90110	S:Finland
I:11026	S:FRANS	I:4	T:1998-04-15T00:00:00	T:1998-05-13T00:00:00	T:1998-04-28T00:00:00	I:1	F:47.09	S:Franchi S.p.A.	S:Via Monte Bianco 34	S:Torino	~N~	S:10100	S:Italy
I:11029	S:CHOPS	I:4	T:1998-04-16T00:00:00	T:1998-05-14T00:00:00	T:1998-04-27T00:00:00	I:1	F:47.84	S:Chop-suey Chinese	S:Hauptstr. 31	S:Bern	~N~	S:3012	S:Switzerland
I:11033	S:RICSU	I:7	T:1998-04-17T00:00:00	T:1998-05-15T00:00:00	T:1998-04-23T00:00:00	I:3	F:84.74	S:Richter Supermarkt	S:Starenweg 5	S:Genève	~N~	S:1204	S:Switzerland
I:11035	S:SUPRD	I:2	T:1998-04-20T00:00:00	T:1998-05-18T00:00:00	T:1998-04-24T00:00:00	I:2	F:0.17	S:Suprêmes délices	S:Boulevard Tirou, 255	S:Charleroi	~N~	S:B-6000	S:Belgium
I:11037	S:GODOS	I:7	T:1998-04-21T00:00:00	T:1998-05-19T00:00:00	T:1998-04-27T00:00:00	I:1	F:3.2	S:Godos Cocina Típica	S:C/ Romero, 33	S:Sevilla	~N~	S:41101	S:Spain
I:11038	S:SUPRD	I:1	T:1998-04-21T00:00:00	T:1998-05-19T00:00:00	T:1998-04-30T00:00:00	I:2	F:29.59	S:Suprêmes délices	S:Boulevard Tirou, 255	S:Charleroi	~N~	S:B-6000	S:Belgium
I:11041	S:CHOPS	I:3	T:1998-04-22T00:00:00	T:1998-05-20T00:00:00	T:1998-04-28T00:00:00	I:2	F:48.22	S:Chop-suey Chinese	S:Hauptstr. 31	S:Bern	~N~	S:3012	S:Switzerland
I:11044	S:WOLZA	I:4	T:1998-04-23T00:00:00	T:1998-05-21T00:00:00	T:1998-05-01T00:00:00	I:1	F:8.72	S:Wolski Zajazd	S:ul. Filtrowa 68	S:Warszawa	~N~	S:01-012	S:Poland
I:11047	S:EASTC	I:7	T:1998-04-24T00:00:00	T:1998-05-22T00:00:00	T:1998-05-01T00:00:00	I:3	F:46.62	S:Eastern Connection	S:35 King George	S:London	~N~	S:WX3 6FW	S:UK
I:11050	S:FOLKO	I:8	T:1998-04-27T00:00:00	T:1998-05-25T00:00:00	T:1998-05-05T00:00:00	I:2	F:59.41	S:Folk och fä HB	S:Åkergatan 24	S:Bräcke	~N~	S:S-844 67	S:Sweden
I:11053	S:PICCO	I:2	T:1998-04-27T00:00:00	T:1998-05-25T00:00:00	T:1998-04-29T00:00:00	I:2	F:53.05	S:Piccolo und mehr	S:Geislweg 14	S:Salzburg	~N~	S:5020	S:Austria
I:11054	S:CACTU	I:8	T:1998-04-28T00:00:00	T:1998-05-26T00:00:00	~N~	I:1	F:0.33	S:Cactus Comidas para llevar	S:Cerrito 333	S:Buenos Aires	~N~	S:1010	S:Argentina
I:11056	S:EASTC	I:8	T:1998-04-28T00:00:00	T:1998-05-12T00:00:00	T:1998-05-01T00:00:00	I:2	F:278.96	S:Eastern Connection	S:35 King George	S:London	~N~	S:WX3 6FW	S:UK
I:11057	S:NORTS	I:3	T:1998-04-29T00:00:00	T:1998-05-27T00:00:00	T:1998-05-01T00:00:00	I:3	F:4.13	S:North/South	S:South House 300 Queensbridge	S:London	~N~	S:SW7 1RZ	S:UK
I:11060	S:FRANS	I:2	T:1998-04-30T00:00:00	T:1998-05-28T00:00:00	T:1998-05-04T00:00:00	I:2	F:10.98	S:Franchi S.p.A.	S:Via Monte Bianco 34	S:Torino	~N~	S:10100	S:Italy
I:11062	S:REGGC	I:4	T:1998-04-30T00:00:00	T:1998-05-28T00:00:00	~N~	I:2	F:29.93	S:Reggiani Caseifici	S:Strada Provinciale 124	S:Reggio Emilia	~N~	S:42100	S:Italy
I:11069	S:TORTU	I:1	T:1998-05-04T00:00:00	T:1998-06-01T00:00:00	T:1998-05-06T00:00:00	I:2	F:15.67	S:Tortuga Restaurante	S:Avda. Azteca 123	S:México D.F.	~N~	S:05033	S:Mexico
I:11072	S:ERNSH	I:4	T:1998-05-05T00:00:00	T:1998-06-02T00:00:00	~N~	I:2	F:258.64	S:Ernst Handel	S:Kirchgasse 6	S:Graz	~N~	S:8010	S:Austria
I:11073	S:PERIC	I:2	T:1998-05-05T00:00:00	T:1998-06-02T00:00:00	~N~	I:2	F:24.95	S:Pericles Comidas clásicas	S:Calle Dr. Jorge Cash 321	S:México D.F.	~N~	S:05033	S:Mexico
I:11074	S:SIMOB	I:7	T:1998-05-06T00:00:00	T:1998-06-03T00:00:00	~N~	I:2	F:18.44	S:Simons bistro	S:Vinbæltet 34	S:Kobenhavn	~N~	S:1734	S:Denmark
I:11075	S:RICSU	I:8	T:1998-05-06T00:00:00	T:1998-06-03T00:00:00	~N~	I:2	F:6.19	S:Richter Supermarkt	S:Starenweg 5	S:Genève	~N~	S:1204	S:Switzerland
I:10257	S:HILAA	I:4	T:1996-07-16T00:00:00	T:1996-08-13T00:00:00	T:1996-07-22T00:00:00	I:3	F:81.91	S:HILARION-Abastos	S:Carrera 22 con Ave. Carlos Soublette #8-35	S:San Cristóbal	S:Táchira	S:5022	S:Venezuela
I:10268	S:GROSR	I:8	T:1996-07-30T00:00:00	T:1996-08-27T00:00:00	T:1996-08-02T00:00:00	I:3	F:66.29	S:GROSELLA-Restaurante	S:5ª Ave. Los Palos Grandes	S:Caracas	S:DF	S:1081	S:Venezuela
I:10283	S:LILAS	I:3	T:1996-08-16T00:00:00	T:1996-09-13T00:00:00	T:1996-08-23T00:00:00	I:3	F:84.81	S:LILA-Supermercado	S:Carrera 52 con Ave. Bolívar #65-98 Llano Largo	S:Barquisimeto	S:Lara	S:3508	S:Venezuela
I:10296	S:LILAS	I:6	T:1996-09-03T00:00:00	T:1996-10-01T00:00:00	T:1996-09-11T00:00:00	I:1	F:0.12	S:LILA-Supermercado	S:Carrera 52 con Ave. Bolívar #65-98 Llano Largo	S:Barquisimeto	S:Lara	S:3508	S:Venezuela
I:10298	S:HUNGO	I:6	T:1996-09-05T00:00:00	T:1996-10-03T00:00:00	T:1996-09-11T00:00:00	I:2	F:168.22	S:Hungry Owl All-Night Grocers	S:8 Johnstown Road	S:Cork	S:Co. Cork	~N~	S:Ireland
I:10309	S:HUNGO	I:3	T:1996-09-19T00:00:00	T:1996-10-17T00:00:00	T:1996-10-23T00:00:00	I:1	F:47.3	S:Hungry Owl All-Night Grocers	S:8 Johnstown Road	S:Cork	S:Co. Cork	~N~	S:Ireland
I:10315	S:ISLAT	I:4	T:1996-09-26T00:00:00	T:1996-10-24T00:00:00	T:1996-10-03T00:00:00	I:2	F:41.76	S:Island Trading	S:Garden House Crowther Way	S:Cowes	S:Isle of Wight	S:PO31 7PJ	S:UK
I:10318	S:ISLAT	I:8	T:1996-10-01T00:00:00	T:1996-10-29T00:00:00	T:1996-10-04T00:00:00	I:2	F:4.73	S:Island Trading	S:Garden House Crowther Way	S:Cowes	S:Isle of Wight	S:PO31 7PJ	S:UK
I:10321	S:ISLAT	I:3	T:1996-10-03T00:00:00	T:1996-10-31T00:00:00	T:1996-10-11T00:00:00	I:2	F:3.43	S:Island Trading	S:Garden House Crowther Way	S:Cowes	S:Isle of Wight	S:PO31 7PJ	S:UK
I:10330	S:LILAS	I:3	T:1996-10-16T00:00:00	T:1996-11-13T00:00:00	T:1996-10-28T00:00:00	I:1	F:12.75	S:LILA-Supermercado	S:Carrera 52 con Ave. Bolívar #65-98 Llano Largo	S:Barquisimeto	S:Lara	S:3508	S:Venezuela
I:10332	S:MEREP	I:3	T:1996-10-17T00:00:00	T:1996-11-28T00:00:00	T:1996-10-21T00:00:00	I:2	F:52.84	S:Mère Paillarde	S:43 rue St. Laurent	S:Montréal	S:Québec	S:H1J 1C3	S:Canada
I:10335	S:HUNGO	I:7	T:1996-10-22T00:00:00	T:1996-11-19T00:00:00	T:1996-10-24T00:00:00	I:2	F:42.11	S:Hungry Owl All-Night Grocers	S:8 Johnstown Road	S:Cork	S:Co. Cork	~N~	S:Ireland
I:10339	S:MEREP	I:2	T:1996-10-28T00:00:00	T:1996-11-25T00:00:00	T:1996-11-04T00:00:00	I:2	F:15.66	S:Mère Paillarde	S:43 rue St. Laurent	S:Montréal	S:Québec	S:H1J 1C3	S:Canada
I:10355	S:AROUT	I:6	T:1996-11-15T00:00:00	T:1996-12-13T00:00:00	T:1996-11-20T00:00:00	I:1	F:41.95	S:Around the Horn	S:Brook Farm Stratford St. Mary	S:Colchester	S:Essex	S:CO7 6JX	S:UK
I:10357	S:LILAS	I:1	T:1996-11-19T00:00:00	T:1996-12-17T00:00:00	T:1996-12-02T00:00:00	I:3	F:34.88	S:LILA-Supermercado	S:Carrera 52 con Ave. Bolívar #65-98 Llano Largo	S:Barquisimeto	S:Lara	S:3508	S:Venezuela
I:10373	S:HUNGO	I:4	T:1996-12-05T00:00:00	T:1997-01-02T00:00:00	T:1996-12-11T00:00:00	I:3	F:124.12	S:Hungry Owl All-Night Grocers	S:8 Johnstown Road	S:Cork	S:Co. Cork	~N~	S:Ireland
I:10376	S:MEREP	I:1	T:1996-12-09T00:00:00	T:1997-01-06T00:00:00	T:1996-12-13T00:00:00	I:2	F:20.39	S:Mère Paillarde	S:43 rue St. Laurent	S:Montréal	S:Québec	S:H1J 1C3	S:Canada
I:10380	S:HUNGO	I:8	T:1996-12-12T00:00:00	T:1997-01-09T00:00:00	T:1997-01-16T00:00:00	I:3	F:35.03	S:Hungry Owl All-Night Grocers	S:8 Johnstown Road	S:Cork	S:Co. Cork	~N~	S:Ireland
I:10381	S:LILAS	I:3	T:1996-12-12T00:00:00	T:1997-01-09T00:00:00	T:1996-12-13T00:00:00	I:3	F:7.99	S:LILA-Supermercado	S:Carrera 52 con Ave. Bolívar #65-98 Llano Largo	S:Barquisimeto	S:Lara	S:3508	S:Venezuela
I:10383	S:AROUT	I:8	T:1996-12-16T00:00:00	T:1997-01-13T00:00:00	T:1996-12-18T00:00:00	I:3	F:34.24	S:Around the Horn	S:Brook Farm Stratford St. Mary	S:Colchester	S:Essex	S:CO7 6JX	S:UK
I:10389	S:BOTTM	I:4	T:1996-12-20T00:00:00	T:1997-01-17T00:00:00	T:1996-12-24T00:00:00	I:2	F:47.42	S:Bottom-Dollar Markets	S:23 Tsawassen Blvd.	S:Tsawassen	S:BC	S:T2F 8M4	S:Canada
I:10395	S:HILAA	I:6	T:1996-12-26T00:00:00	T:1997-01-23T00:00:00	T:1997-01-03T00:00:00	I:1	F:184.41	S:HILARION-Abastos	S:Carrera 22 con Ave. Carlos Soublette #8-35	S:San Cristóbal	S:Táchira	S:5022	S:Venezuela
I:10405	S:LINOD	I:1	T:1997-01-06T00:00:00	T:1997-02-03T00:00:00	T:1997-01-22T00:00:00	I:1	F:34.82	S:LINO-Delicateses	S:Ave. 5 de Mayo Porlamar	S:I. de Margarita	S:Nueva Esparta	S:4980	S:Venezuela
I:10410	S:BOTTM	I:3	T:1997-01-10T00:00:00	T:1997-02-07T00:00:00	T:1997-01-15T00:00:00	I:3	F:2.4	S:Bottom-Dollar Markets	S:23 Tsawassen Blvd.	S:Tsawassen	S:BC	S:T2F 8M4	S:Canada
I:10411	S:BOTTM	I:9	T:1997-01-10T00:00:00	T:1997-02-07T00:00:00	T:1997-01-21T00:00:00	I:3	F:23.65	S:Bottom-Dollar Markets	S:23 Tsawassen Blvd.	S:Tsawassen	S:BC	S:T2F 8M4	S:Canada
I:10424	S:MEREP	I:7	T:1997-01-23T00:00:00	T:1997-02-20T00:00:00	T:1997-01-27T00:00:00	I:2	F:370.61	S:Mère Paillarde	S:43 rue St. Laurent	S:Montréal	S:Québec	S:H1J 1C3	S:Canada
I:10429	S:HUNGO	I:3	T:1997-01-29T00:00:00	T:1997-03-12T00:00:00	T:1997-02-07T00:00:00	I:2	F:56.63	S:Hungry Owl All-Night Grocers	S:8 Johnstown Road	S:Cork	S:Co. Cork	~N~	S:Ireland
I:10431	S:BOTTM	I:4	T:1997-01-30T00:00:00	T:1997-02-13T00:00:00	T:1997-02-07T00:00:00	I:2	F:44.17	S:Bottom-Dollar Markets	S:23 Tsawassen Blvd.	S:Tsawassen	S:BC	S:T2F 8M4	S:Canada
I:10439	S:MEREP	I:6	T:1997-02-07T00:00:00	T:1997-03-07T00:00:00	T:1997-02-10T00:00:00	I:3	F:4.07	S:Mère Paillarde	S:43 rue St. Laurent	S:Montréal	S:Québec	S:H1J 1C3	S:Canada
I:10453	S:AROUT	I:1	T:1997-02-21T00:00:00	T:1997-03-21T00:00:00	T:1997-02-26T00:00:00	I:2	F:25.36	S:Around the Horn	S:Brook Farm Stratford St. Mary	S:Colchester	S:Essex	S:CO7 6JX	S:UK
I:10461	S:LILAS	I:1	T:1997-02-28T00:00:00	T:1997-03-28T00:00:00	T:1997-03-05T00:00:00	I:3	F:148.61	S:LILA-Supermercado	S:Carrera 52 con Ave. Bolívar #65-98 Llano Largo	S:Barquisimeto	S:Lara	S:3508	S:Venezuela
I:10473	S:ISLAT	I:1	T:1997-03-13T00:00:00	T:1997-03-27T00:00:00	T:1997-03-21T00:00:00	I:3	F:16.37	S:Island Trading	S:Garden House Crowther Way	S:Cowes	S:Isle of Wight	S:PO31 7PJ	S:UK
I:10476	S:HILAA	I:8	T:1997-03-17T00:00:00	T:1997-04-14T00:00:00	T:1997-03-24T00:00:00	I:3	F:4.41	S:HILARION-Abastos	S:Carrera 22 con Ave. Carlos Soublette #8-35	S:San Cristóbal	S:Táchira	S:5022	S:Venezuela
I:10485	S:LINOD	I:4	T:1997-03-25T00:00:00	T:1997-04-08T00:00:00	T:1997-03-31T00:00:00	I:2	F:64.45	S:LINO-Delicateses	S:Ave. 5 de Mayo Porlamar	S:I. de Margarita	S:Nueva Esparta	S:4980	S:Venezuela
I:10486	S:HILAA	I:1	T:1997-03-26T00:00:00	T:1997-04-23T00:00:00	T:1997-04-02T00:00:00	I:2	F:30.53	S:HILARION-Abastos	S:Carrera 22 con Ave. Carlos Soublette #8-35	S:San Cristóbal	S:Táchira	S:5022	S:Venezuela
I:10490	S:HILAA	I:7	T:1997-03-31T00:00:00	T:1997-04-28T00:00:00	T:1997-04-03T00:00:00	I:2	F:210.19	S:HILARION-Abastos	S:Carrera 22 con Ave. Carlos Soublette #8-35	S:San Cristóbal	S:Táchira	S:5022	S:Venezuela
I:10492	S:BOTTM	I:3	T:1997-04-01T00:00:00	T:1997-04-29T00:00:00	T:1997-04-11T00:00:00	I:1	F:62.89	S:Bottom-Dollar Markets	S:23 Tsawassen Blvd.	S:Tsawassen	S:BC	S:T2F 8M4	S:Canada
I:10495	S:LAUGB	I:3	T:1997-04-03T00:00:00	T:1997-05-01T00:00:00	T:1997-04-11T00:00:00	I:3	F:4.65	S:Laughing Bacchus Wine Cellars	S:2319 Elm St.	S:Vancouver	S:BC	S:V3F 2K1	S:Canada
I:10498	S:HILAA	I:8	T:1997-04-07T00:00:00	T:1997-05-05T00:00:00	T:1997-04-11T00:00:00	I:2	F:29.75	S:HILARION-Abastos	S:Carrera 22 con Ave. Carlos Soublette #8-35	S:San Cristóbal	S:Táchira	S:5022	S:Venezuela
I:10499	S:LILAS	I:4	T:1997-04-08T00:00:00	T:1997-05-06T00:00:00	T:1997-04-16T00:00:00	I:2	F:102.02	S:LILA-Supermercado	S:Carrera 52 con Ave. Bolívar #65-98 Llano Largo	S:Barquisimeto	S:Lara	S:3508	S:Venezuela
I:10503	S:HUNGO	I:6	T:1997-04-11T00:00:00	T:1997-05-09T00:00:00	T:1997-04-16T00:00:00	I:2	F:16.74	S:Hungry Owl All-Night Grocers	S:8 Johnstown Road	S:Cork	S:Co. Cork	~N~	S:Ireland
I:10505	S:MEREP	I:3	T:1997-04-14T00:00:00	T:1997-05-12T00:00:00	T:1997-04-21T00:00:00	I:3	F:7.13	S:Mère Paillarde	S:43 rue St. Laurent	S:Montréal	S:Québec	S:H1J 1C3	S:Canada
I:10516	S:HUNGO	I:2	T:1997-04-24T00:00:00	T:1997-05-22T00:00:00	T:1997-05-01T00:00:00	I:3	F:62.78	S:Hungry Owl All-Night Grocers	S:8 Johnstown Road	S:Cork	S:Co. Cork	~N~	S:Ireland
I:10543	S:LILAS	I:8	T:1997-05-21T00:00:00	T:1997-06-18T00:00:00	T:1997-05-23T00:00:00	I:2	F:48.17	S:LILA-Supermercado	S:Carrera 52 con Ave. Bolívar #65-98 Llano Largo	S:Barquisimeto	S:Lara	S:3508	S:Venezuela
I:10552	S:HILAA	I:2	T:1997-05-29T00:00:00	T:1997-06-26T00:00:00	T:1997-06-05T00:00:00	I:1	F:83.22	S:HILARION-Abastos	S:Carrera 22 con Ave. Carlos Soublette #8-35	S:San Cristóbal	S:Táchira	S:5022	S:Venezuela
I:10558	S:AROUT	I:1	T:1997-06-04T00:00:00	T:1997-07-02T00:00:00	T:1997-06-10T00:00:00	I:2	F:72.97	S:Around the Horn	S:Brook Farm Stratford St. Mary	S:Colchester	S:Essex	S:CO7 6JX	S:UK
I:10565	S:MEREP	I:8	T:1997-06-11T00:00:00	T:1997-07-09T00:00:00	T:1997-06-18T00:00:00	I:2	F:7.15	S:Mère Paillarde	S:43 rue St. Laurent	S:Montréal	S:Québec	S:H1J 1C3	S:Canada
I:10567	S:HUNGO	I:1	T:1997-06-12T00:00:00	T:1997-07-10T00:00:00	T:1997-06-17T00:00:00	I:1	F:33.97	S:Hungry Owl All-Night Grocers	S:8 Johnstown Road	S:Cork	S:Co. Cork	~N~	S:Ireland
I:10570	S:MEREP	I:3	T:1997-06-17T00:00:00	T:1997-07-15T00:00:00	T:1997-06-19T00:00:00	I:3	F:188.99	S:Mère Paillarde	S:43 rue St. Laurent	S:Montréal	S:Québec	S:H1J 1C3	S:Canada
I:10590	S:MEREP	I:4	T:1997-07-07T00:00:00	T:1997-08-04T00:00:00	T:1997-07-14T00:00:00	I:3	F:44.77	S:Mère Paillarde	S:43 rue St. Laurent	S:Montréal	S:Québec	S:H1J 1C3	S:Canada
I:10601	S:HILAA	I:7	T:1997-07-16T00:00:00	T:1997-08-27T00:00:00	T:1997-07-22T00:00:00	I:1	F:58.3	S:HILARION-Abastos	S:Carrera 22 con Ave. Carlos Soublette #8-35	S:San Cristóbal	S:Táchira	S:5022	S:Venezuela
I:10605	S:MEREP	I:1	T:1997-07-21T00:00:00	T:1997-08-18T00:00:00	T:1997-07-29T00:00:00	I:2	F:379.13	S:Mère Paillarde	S:43 rue St. Laurent	S:Montréal	S:Québec	S:H1J 1C3	S:Canada
I:10613	S:HILAA	I:4	T:1997-07-29T00:00:00	T:1997-08-26T00:00:00	T:1997-08-01T00:00:00	I:2	F:8.11	S:HILARION-Abastos	S:Carrera 22 con Ave. Carlos Soublette #8-35	S:San Cristóbal	S:Táchira	S:5022	S:Venezuela
I:10618	S:MEREP	I:1	T:1997-08-01T00:00:00	T:1997-09-12T00:00:00	T:1997-08-08T00:00:00	I:1	F:154.68	S:Mère Paillarde	S:43 rue St. Laurent	S:Montréal	S:Québec	S:H1J 1C3	S:Canada
I:10619	S:MEREP	I:3	T:1997-08-04T00:00:00	T:1997-09-01T00:00:00	T:1997-08-07T00:00:00	I:3	F:91.05	S:Mère Paillarde	S:43 rue St. Laurent	S:Montréal	S:Québec	S:H1J 1C3	S:Canada
I:10620	S:LAUGB	I:2	T:1997-08-05T00:00:00	T:1997-09-02T00:00:00	T:1997-08-14T00:00:00	I:3	F:0.94	S:Laughing Bacchus Wine Cellars	S:2319 Elm St.	S:Vancouver	S:BC	S:V3F 2K1	S:Canada
I:10621	S:ISLAT	I:4	T:1997-08-05T00:00:00	T:1997-09-02T00:00:00	T:1997-08-11T00:00:00	I:2	F:23.73	S:Island Trading	S:Garden House Crowther Way	S:Cowes	S:Isle of Wight	S:PO31 7PJ	S:UK
I:10638	S:LINOD	I:3	T:1997-08-20T00:00:00	T:1997-09-17T00:00:00	T:1997-09-01T00:00:00	I:1	F:158.44	S:LINO-Delicateses	S:Ave. 5 de Mayo Porlamar	S:I. de Margarita	S:Nueva Esparta	S:4980	S:Venezuela
I:10641	S:HILAA	I:4	T:1997-08-22T00:00:00	T:1997-09-19T00:00:00	T:1997-08-26T00:00:00	I:2	F:179.61	S:HILARION-Abastos	S:Carrera 22 con Ave. Carlos Soublette #8-35	S:San Cristóbal	S:Táchira	S:5022	S:Venezuela
I:10646	S:HUNGO	I:9	T:1997-08-27T00:00:00	T:1997-10-08T00:00:00	T:1997-09-03T00:00:00	I:3	F:142.33	S:Hungry Owl All-Night Grocers	S:8 Johnstown Road	S:Cork	S:Co. Cork	~N~	S:Ireland
I:10661	S:HUNGO	I:7	T:1997-09-09T00:00:00	T:1997-10-07T00:00:00	T:1997-09-15T00:00:00	I:3	F:17.55	S:Hungry Owl All-Night Grocers	S:8 Johnstown Road	S:Cork	S:Co. Cork	~N~	S:Ireland
I:10674	S:ISLAT	I:4	T:1997-09-18T00:00:00	T:1997-10-16T00:00:00	T:1997-09-30T00:00:00	I:2	F:0.9	S:Island Trading	S:Garden House Crowther Way	S:Cowes	S:Isle of Wight	S:PO31 7PJ	S:UK
I:10687	S:HUNGO	I:9	T:1997-09-30T00:00:00	T:1997-10-28T00:00:00	T:1997-10-30T00:00:00	I:2	F:296.43	S:Hungry Owl All-Night Grocers	S:8 Johnstown Road	S:Cork	S:Co. Cork	~N~	S:Ireland
I:10697	S:LINOD	I:3	T:1997-10-08T00:00:00	T:1997-11-05T00:00:00	T:1997-10-14T00:00:00	I:1	F:45.52	S:LINO-Delicateses	S:Ave. 5 de Mayo Porlamar	S:I. de Margarita	S:Nueva Esparta	S:4980	S:Venezuela
I:10701	S:HUNGO	I:6	T:1997-10-13T00:00:00	T:1997-10-27T00:00:00	T:1997-10-15T00:00:00	I:3	F:220.31	S:Hungry Owl All-Night Grocers	S:8 Johnstown Road	S:Cork	S:Co. Cork	~N~	S:Ireland
I:10705	S:HILAA	I:9	T:1997-10-15T00:00:00	T:1997-11-12T00:00:00	T:1997-11-18T00:00:00	I:2	F:3.52	S:HILARION-Abastos	S:Carrera 22 con Ave. Carlos Soublette #8-35	S:San Cristóbal	S:Táchira	S:5022	S:Venezuela
I:10707	S:AROUT	I:4	T:1997-10-16T00:00:00	T:1997-10-30T00:00:00	T:1997-10-23T00:00:00	I:3	F:21.74	S:Around the Horn	S:Brook Farm Stratford St. Mary	S:Colchester	S:Essex	S:CO7 6JX	S:UK
I:10712	S:HUNGO	I:3	T:1997-10-21T00:00:00	T:1997-11-18T00:00:00	T:1997-10-31T00:00:00	I:1	F:89.93	S:Hungry Owl All-Night Grocers	S:8 Johnstown Road	S:Cork	S:Co. Cork	~N~	S:Ireland
I:10724	S:MEREP	I:8	T:1997-10-30T00:00:00	T:1997-12-11T00:00:00	T:1997-11-05T00:00:00	I:2	F:57.75	S:Mère Paillarde	S:43 rue St. Laurent	S:Montréal	S:Québec	S:H1J 1C3	S:Canada
I:10729	S:LINOD	I:8	T:1997-11-04T00:00:00	T:1997-12-16T00:00:00	T:1997-11-14T00:00:00	I:3	F:141.06	S:LINO-Delicateses	S:Ave. 5 de Mayo Porlamar	S:I. de Margarita	S:Nueva Esparta	S:4980	S:Venezuela
I:10736	S:HUNGO	I:9	T:1997-11-11T00:00:00	T:1997-12-09T00:00:00	T:1997-11-21T00:00:00	I:2	F:44.1	S:Hungry Owl All-Night Grocers	S:8 Johnstown Road	S:Cork	S:Co. Cork	~N~	S:Ireland
I:10741	S:AROUT	I:4	T:1997-11-14T00:00:00	T:1997-11-28T00:00:00	T:1997-11-18T00:00:00	I:3	F:10.96	S:Around the Horn	S:Brook Farm Stratford St. Mary	S:Colchester	S:Essex	S:CO7 6JX	S:UK
I:10742	S:BOTTM	I:3	T:1997-11-14T00:00:00	T:1997-12-12T00:00:00	T:1997-11-18T00:00:00	I:3	F:243.73	S:Bottom-Dollar Markets	S:23 Tsawassen Blvd.	S:Tsawassen	S:BC	S:T2F 8M4	S:Canada
I:10743	S:AROUT	I:1	T:1997-11-17T00:00:00	T:1997-12-15T00:00:00	T:1997-11-21T00:00:00	I:2	F:23.72	S:Around the Horn	S:Brook Farm Stratford St. Mary	S:Colchester	S:Essex	S:CO7 6JX	S:UK
I:10749	S:ISLAT	I:4	T:1997-11-20T00:00:00	T:1997-12-18T00:00:00	T:1997-12-19T00:00:00	I:2	F:61.53	S:Island Trading	S:Garden House Crowther Way	S:Cowes	S:Isle of Wight	S:PO31 7PJ	S:UK
I:10768	S:AROUT	I:3	T:1997-12-08T00:00:00	T:1998-01-05T00:00:00	T:1997-12-15T00:00:00	I:2	F:146.32	S:Around the Horn	S:Brook Farm Stratford St. Mary	S:Colchester	S:Essex	S:CO7 6JX	S:UK
I:10780	S:LILAS	I:2	T:1997-12-16T00:00:00	T:1997-12-30T00:00:00	T:1997-12-25T00:00:00	I:1	F:42.13	S:LILA-Supermercado	S:Carrera 52 con Ave. Bolívar #65-98 Llano Largo	S:Barquisimeto	S:Lara	S:3508	S:Venezuela
I:10785	S:GROSR	I:1	T:1997-12-18T00:00:00	T:1998-01-15T00:00:00	T:1997-12-24T00:00:00	I:3	F:1.51	S:GROSELLA-Restaurante	S:5ª Ave. Los Palos Grandes	S:Caracas	S:DF	S:1081	S:Venezuela
I:10793	S:AROUT	I:3	T:1997-12-24T00:00:00	T:1998-01-21T00:00:00	T:1998-01-08T00:00:00	I:3	F:4.52	S:Around the Horn	S:Brook Farm Stratford St. Mary	S:Colchester	S:Essex	S:CO7 6JX	S:UK
I:10796	S:HILAA	I:3	T:1997-12-25T00:00:00	T:1998-01-22T00:00:00	T:1998-01-14T00:00:00	I:1	F:26.52	S:HILARION-Abastos	S:Carrera 22 con Ave. Carlos Soublette #8-35	S:San Cristóbal	S:Táchira	S:5022	S:Venezuela
I:10798	S:ISLAT	I:2	T:1997-12-26T00:00:00	T:1998-01-23T00:00:00	T:1998-01-05T00:00:00	I:1	F:2.33	S:Island Trading	S:Garden House Crowther Way	S:Cowes	S:Isle of Wight	S:PO31 7PJ	S:UK
I:10810	S:LAUGB	I:2	T:1998-01-01T00:00:00	T:1998-01-29T00:00:00	T:1998-01-07T00:00:00	I:3	F:4.33	S:Laughing Bacchus Wine Cellars	S:2319 Elm St.	S:Vancouver	S:BC	S:V3F 2K1	S:Canada
I:10811	S:LINOD	I:8	T:1998-01-02T00:00:00	T:1998-01-30T00:00:00	T:1998-01-08T00:00:00	I:1	F:31.22	S:LINO-Delicateses	S:Ave. 5 de Mayo Porlamar	S:I. de Margarita	S:Nueva Esparta	S:4980	S:Venezuela
I:10823	S:LILAS	I:5	T:1998-01-09T00:00:00	T:1998-02-06T00:00:00	T:1998-01-13T00:00:00	I:2	F:163.97	S:LILA-Supermercado	S:Carrera 52 con Ave. Bolívar #65-98 Llano Largo	S:Barquisimeto	S:Lara	S:3508	S:Venezuela
I:10829	S:ISLAT	I:9	T:1998-01-13T00:00:00	T:1998-02-10T00:00:00	T:1998-01-23T00:00:00	I:1	F:154.72	S:Island Trading	S:Garden House Crowther Way	S:Cowes	S:Isle of Wight	S:PO31 7PJ	S:UK
I:10838	S:LINOD	I:3	T:1998-01-19T00:00:00	T:1998-02-16T00:00:00	T:1998-01-23T00:00:00	I:3	F:59.28	S:LINO-Delicateses	S:Ave. 5 de Mayo Porlamar	S:I. de Margarita	S:Nueva Esparta	S:4980	S:Venezuela
I:10840	S:LINOD	I:4	T:1998-01-19T00:00:00	T:1998-03-02T00:00:00	T:1998-02-16T00:00:00	I:2	F:2.71	S:LINO-Delicateses	S:Ave. 5 de Mayo Porlamar	S:I. de Margarita	S:Nueva Esparta	S:4980	S:Venezuela
I:10863	S:HILAA	I:4	T:1998-02-02T00:00:00	T:1998-03-02T00:00:00	T:1998-02-17T00:00:00	I:2	F:30.26	S:HILARION-Abastos	S:Carrera 22 con Ave. Carlos Soublette #8-35	S:San Cristóbal	S:Táchira	S:5022	S:Venezuela
I:10864	S:AROUT	I:4	T:1998-02-02T00:00:00	T:1998-03-02T00:00:00	T:1998-02-09T00:00:00	I:2	F:3.04	S:Around the Horn	S:Brook Farm Stratford St. Mary	S:Colchester	S:Essex	S:CO7 6JX	S:UK
I:10897	S:HUNGO	I:3	T:1998-02-19T00:00:00	T:1998-03-19T00:00:00	T:1998-02-25T00:00:00	I:2	F:603.54	S:Hungry Owl All-Night Grocers	S:8 Johnstown Road	S:Cork	S:Co. Cork	~N~	S:Ireland
I:10899	S:LILAS	I:5	T:1998-02-20T00:00:00	T:1998-03-20T00:00:00	T:1998-02-26T00:00:00	I:3	F:1.21	S:LILA-Supermercado	S:Carrera 52 con Ave. Bolívar #65-98 Llano Largo	S:Barquisimeto	S:Lara	S:3508	S:Venezuela
I:10901	S:HILAA	I:4	T:1998-02-23T00:00:00	T:1998-03-23T00:00:00	T:1998-02-26T00:00:00	I:1	F:62.09	S:HILARION-Abastos	S:Carrera 22 con Ave. Carlos Soublette #8-35	S:San Cristóbal	S:Táchira	S:5022	S:Venezuela
I:10912	S:HUNGO	I:2	T:1998-02-26T00:00:00	T:1998-03-26T00:00:00	T:1998-03-18T00:00:00	I:2	F:580.91	S:Hungry Owl All-Night Grocers	S:8 Johnstown Road	S:Cork	S:Co. Cork	~N~	S:Ireland
I:10918	S:BOTTM	I:3	T:1998-03-02T00:00:00	T:1998-03-30T00:00:00	T:1998-03-11T00:00:00	I:3	F:48.83	S:Bottom-Dollar Markets	S:23 Tsawassen Blvd.	S:Tsawassen	S:BC	S:T2F 8M4	S:Canada
I:10919	S:LINOD	I:2	T:1998-03-02T00:00:00	T:1998-03-30T00:00:00	T:1998-03-04T00:00:00	I:2	F:19.8	S:LINO-Delicateses	S:Ave. 5 de Mayo Porlamar	S:I. de Margarita	S:Nueva Esparta	S:4980	S:Venezuela
I:10920	S:AROUT	I:4	T:1998-03-03T00:00:00	T:1998-03-31T00:00:00	T:1998-03-09T00:00:00	I:2	F:29.61	S:Around the Horn	S:Brook Farm Stratford St. Mary	S:Colchester	S:Essex	S:CO7 6JX	S:UK
I:10933	S:ISLAT	I:6	T:1998-03-06T00:00:00	T:1998-04-03T00:00:00	T:1998-03-16T00:00:00	I:3	F:54.15	S:Island Trading	S:Garden House Crowther Way	S:Cowes	S:Isle of Wight	S:PO31 7PJ	S:UK
I:10944	S:BOTTM	I:6	T:1998-03-12T00:00:00	T:1998-03-26T00:00:00	T:1998-03-13T00:00:00	I:3	F:52.92	S:Bottom-Dollar Markets	S:23 Tsawassen Blvd.	S:Tsawassen	S:BC	S:T2F 8M4	S:Canada
I:10949	S:BOTTM	I:2	T:1998-03-13T00:00:00	T:1998-04-10T00:00:00	T:1998-03-17T00:00:00	I:3	F:74.44	S:Bottom-Dollar Markets	S:23 Tsawassen Blvd.	S:Tsawassen	S:BC	S:T2F 8M4	S:Canada
I:10953	S:AROUT	I:9	T:1998-03-16T00:00:00	T:1998-03-30T00:00:00	T:1998-03-25T00:00:00	I:2	F:23.72	S:Around the Horn	S:Brook Farm Stratford St. Mary	S:Colchester	S:Essex	S:CO7 6JX	S:UK
I:10954	S:LINOD	I:5	T:1998-03-17T00:00:00	T:1998-04-28T00:00:00	T:1998-03-20T00:00:00	I:1	F:27.91	S:LINO-Delicateses	S:Ave. 5 de Mayo Porlamar	S:I. de Margarita	S:Nueva Esparta	S:4980	S:Venezuela
I:10957	S:HILAA	I:8	T:1998-03-18T00:00:00	T:1998-04-15T00:00:00	T:1998-03-27T00:00:00	I:3	F:105.36	S:HILARION-Abastos	S:Carrera 22 con Ave. Carlos Soublette #8-35	S:San Cristóbal	S:Táchira	S:5022	S:Venezuela
I:10960	S:HILAA	I:3	T:1998-03-19T00:00:00	T:1998-04-02T00:00:00	T:1998-04-08T00:00:00	I:1	F:2.08	S:HILARION-Abastos	S:Carrera 22 con Ave. Carlos Soublette #8-35	S:San Cristóbal	S:Táchira	S:5022	S:Venezuela
I:10975	S:BOTTM	I:1	T:1998-03-25T00:00:00	T:1998-04-22T00:00:00	T:1998-03-27T00:00:00	I:3	F:32.27	S:Bottom-Dollar Markets	S:23 Tsawassen Blvd.	S:Tsawassen	S:BC	S:T2F 8M4	S:Canada
I:10976	S:HILAA	I:1	T:1998-03-25T00:00:00	T:1998-05-06T00:00:00	T:1998-04-03T00:00:00	I:1	F:37.97	S:HILARION-Abastos	S:Carrera 22 con Ave. Carlos Soublette #8-35	S:San Cristóbal	S:Táchira	S:5022	S:Venezuela
I:10982	S:BOTTM	I:2	T:1998-03-27T00:00:00	T:1998-04-24T00:00:00	T:1998-04-08T00:00:00	I:1	F:14.01	S:Bottom-Dollar Markets	S:23 Tsawassen Blvd.	S:Tsawassen	S:BC	S:T2F 8M4	S:Canada
I:10985	S:HUNGO	I:2	T:1998-03-30T00:00:00	T:1998-04-27T00:00:00	T:1998-04-02T00:00:00	I:1	F:91.51	S:Hungry Owl All-Night Grocers	S:8 Johnstown Road	S:Cork	S:Co. Cork	~N~	S:Ireland
I:10997	S:LILAS	I:8	T:1998-04-03T00:00:00	T:1998-05-15T00:00:00	T:1998-04-13T00:00:00	I:2	F:73.91	S:LILA-Supermercado	S:Carrera 52 con Ave. Bolívar #65-98 Llano Largo	S:Barquisimeto	S:Lara	S:3508	S:Venezuela
I:11014	S:LINOD	I:2	T:1998-04-10T00:00:00	T:1998-05-08T00:00:00	T:1998-04-15T00:00:00	I:3	F:23.6	S:LINO-Delicateses	S:Ave. 5 de Mayo Porlamar	S:I. de Margarita	S:Nueva Esparta	S:4980	S:Venezuela
I:11016	S:AROUT	I:9	T:1998-04-10T00:00:00	T:1998-05-08T00:00:00	T:1998-04-13T00:00:00	I:2	F:33.8	S:Around the Horn	S:Brook Farm Stratford St. Mary	S:Colchester	S:Essex	S:CO7 6JX	S:UK
I:11027	S:BOTTM	I:1	T:1998-04-16T00:00:00	T:1998-05-14T00:00:00	T:1998-04-20T00:00:00	I:1	F:52.52	S:Bottom-Dollar Markets	S:23 Tsawassen Blvd.	S:Tsawassen	S:BC	S:T2F 8M4	S:Canada
I:11039	S:LINOD	I:1	T:1998-04-21T00:00:00	T:1998-05-19T00:00:00	~N~	I:2	F:65	S:LINO-Delicateses	S:Ave. 5 de Mayo Porlamar	S:I. de Margarita	S:Nueva Esparta	S:4980	S:Venezuela
I:11045	S:BOTTM	I:6	T:1998-04-23T00:00:00	T:1998-05-21T00:00:00	~N~	I:2	F:70.58	S:Bottom-Dollar Markets	S:23 Tsawassen Blvd.	S:Tsawassen	S:BC	S:T2F 8M4	S:Canada
I:11048	S:BOTTM	I:7	T:1998-04-24T00:00:00	T:1998-05-22T00:00:00	T:1998-04-30T00:00:00	I:3	F:24.12	S:Bottom-Dollar Markets	S:23 Tsawassen Blvd.	S:Tsawassen	S:BC	S:T2F 8M4	S:Canada
I:11055	S:HILAA	I:7	T:1998-04-28T00:00:00	T:1998-05-26T00:00:00	T:1998-05-05T00:00:00	I:2	F:120.92	S:HILARION-Abastos	S:Carrera 22 con Ave. Carlos Soublette #8-35	S:San Cristóbal	S:Táchira	S:5022	S:Venezuela
I:11063	S:HUNGO	I:3	T:1998-04-30T00:00:00	T:1998-05-28T00:00:00	T:1998-05-06T00:00:00	I:2	F:81.73	S:Hungry Owl All-Night Grocers	S:8 Johnstown Road	S:Cork	S:Co. Cork	~N~	S:Ireland
I:11065	S:LILAS	I:8	T:1998-05-01T00:00:00	T:1998-05-29T00:00:00	~N~	I:1	F:12.91	S:LILA-Supermercado	S:Carrera 52 con Ave. Bolívar #65-98 Llano Largo	S:Barquisimeto	S:Lara	S:3508	S:Venezuela
I:11071	S:LILAS	I:1	T:1998-05-05T00:00:00	T:1998-06-02T00:00:00	~N~	I:1	F:0.93	S:LILA-Supermercado	S:Carrera 52 con Ave. Bolívar #65-98 Llano Largo	S:Barquisimeto	S:Lara	S:3508	S:Venezuela
I:10250	S:HANAR	I:4	T:1996-07-08T00:00:00	T:1996-08-05T00:00:00	T:1996-07-12T00:00:00	I:2	F:65.83	S:Hanari Carnes	S:Rua do Paço, 67	S:Rio de Janeiro	S:RJ	S:05454-876	S:Brazil
I:10253	S:HANAR	I:3	T:1996-07-10T00:00:00	T:1996-07-24T00:00:00	T:1996-07-16T00:00:00	I:2	F:58.17	S:Hanari Carnes	S:Rua do Paço, 67	S:Rio de Janeiro	S:RJ	S:05454-876	S:Brazil
I:10256	S:WELLI	I:3	T:1996-07-15T00:00:00	T:1996-08-12T00:00:00	T:1996-07-17T00:00:00	I:2	F:13.97	S:Wellington Importadora	S:Rua do Mercado, 12	S:Resende	S:SP	S:08737-363	S:Brazil
I:10261	S:QUEDE	I:4	T:1996-07-19T00:00:00	T:1996-08-16T00:00:00	T:1996-07-30T00:00:00	I:2	F:3.05	S:Que Delícia	S:Rua da Panificadora, 12	S:Rio de Janeiro	S:RJ	S:02389-673	S:Brazil
I:10287	S:RICAR	I:8	T:1996-08-22T00:00:00	T:1996-09-19T00:00:00	T:1996-08-28T00:00:00	I:3	F:12.76	S:Ricardo Adocicados	S:Av. Copacabana, 267	S:Rio de Janeiro	S:RJ	S:02389-890	S:Brazil
I:10290	S:COMMI	I:8	T:1996-08-27T00:00:00	T:1996-09-24T00:00:00	T:1996-09-03T00:00:00	I:1	F:79.7	S:Comércio Mineiro	S:Av. dos Lusíadas, 23	S:Sao Paulo	S:SP	S:05432-043	S:Brazil
I:10291	S:QUEDE	I:6	T:1996-08-27T00:00:00	T:1996-09-24T00:00:00	T:1996-09-04T00:00:00	I:2	F:6.4	S:Que Delícia	S:Rua da Panificadora, 12	S:Rio de Janeiro	S:RJ	S:02389-673	S:Brazil
I:10292	S:TRADH	I:1	T:1996-08-28T00:00:00	T:1996-09-25T00:00:00	T:1996-09-02T00:00:00	I:2	F:1.35	S:Tradiçao Hipermercados	S:Av. Inês de Castro, 414	S:Sao Paulo	S:SP	S:05634-030	S:Brazil
I:10299	S:RICAR	I:4	T:1996-09-06T00:00:00	T:1996-10-04T00:00:00	T:1996-09-13T00:00:00	I:2	F:29.76	S:Ricardo Adocicados	S:Av. Copacabana, 267	S:Rio de Janeiro	S:RJ	S:02389-890	S:Brazil
I:10347	S:FAMIA	I:4	T:1996-11-06T00:00:00	T:1996-12-04T00:00:00	T:1996-11-08T00:00:00	I:3	F:3.1	S:Familia Arquibaldo	S:Rua Orós, 92	S:Sao Paulo	S:SP	S:05442-030	S:Brazil
I:10372	S:QUEEN	I:5	T:1996-12-04T00:00:00	T:1997-01-01T00:00:00	T:1996-12-09T00:00:00	I:2	F:890.78	S:Queen Cozinha	S:Alameda dos Canàrios, 891	S:Sao Paulo	S:SP	S:05487-020	S:Brazil
I:10379	S:QUEDE	I:2	T:1996-12-11T00:00:00	T:1997-01-08T00:00:00	T:1996-12-13T00:00:00	I:1	F:45.03	S:Que Delícia	S:Rua da Panificadora, 12	S:Rio de Janeiro	S:RJ	S:02389-673	S:Brazil
I:10386	S:FAMIA	I:9	T:1996-12-18T00:00:00	T:1997-01-01T00:00:00	T:1996-12-25T00:00:00	I:3	F:13.99	S:Familia Arquibaldo	S:Rua Orós, 92	S:Sao Paulo	S:SP	S:05442-030	S:Brazil
I:10406	S:QUEEN	I:7	T:1997-01-07T00:00:00	T:1997-02-18T00:00:00	T:1997-01-13T00:00:00	I:1	F:108.04	S:Queen Cozinha	S:Alameda dos Canàrios, 891	S:Sao Paulo	S:SP	S:05487-020	S:Brazil
I:10414	S:FAMIA	I:2	T:1997-01-14T00:00:00	T:1997-02-11T00:00:00	T:1997-01-17T00:00:00	I:3	F:21.48	S:Familia Arquibaldo	S:Rua Orós, 92	S:Sao Paulo	S:SP	S:05442-030	S:Brazil
I:10420	S:WELLI	I:3	T:1997-01-21T00:00:00	T:1997-02-18T00:00:00	T:1997-01-27T00:00:00	I:1	F:44.12	S:Wellington Importadora	S:Rua do Mercado, 12	S:Resende	S:SP	S:08737-363	S:Brazil
I:10421	S:QUEDE	I:8	T:1997-01-21T00:00:00	T:1997-03-04T00:00:00	T:1997-01-27T00:00:00	I:1	F:99.23	S:Que Delícia	S:Rua da Panificadora, 12	S:Rio de Janeiro	S:RJ	S:02389-673	S:Brazil
I:10423	S:GOURL	I:6	T:1997-01-23T00:00:00	T:1997-02-06T00:00:00	T:1997-02-24T00:00:00	I:3	F:24.5	S:Gourmet Lanchonetes	S:Av. Brasil, 442	S:Campinas	S:SP	S:04876-786	S:Brazil
I:10447	S:RICAR	I:4	T:1997-02-14T00:00:00	T:1997-03-14T00:00:00	T:1997-03-07T00:00:00	I:2	F:68.66	S:Ricardo Adocicados	S:Av. Copacabana, 267	S:Rio de Janeiro	S:RJ	S:02389-890	S:Brazil
I:10466	S:COMMI	I:4	T:1997-03-06T00:00:00	T:1997-04-03T00:00:00	T:1997-03-13T00:00:00	I:1	F:11.93	S:Comércio Mineiro	S:Av. dos Lusíadas, 23	S:Sao Paulo	S:SP	S:05432-043	S:Brazil
I:10481	S:RICAR	I:8	T:1997-03-20T00:00:00	T:1997-04-17T00:00:00	T:1997-03-25T00:00:00	I:2	F:64.33	S:Ricardo Adocicados	S:Av. Copacabana, 267	S:Rio de Janeiro	S:RJ	S:02389-890	S:Brazil
I:10487	S:QUEEN	I:2	T:1997-03-26T00:00:00	T:1997-04-23T00:00:00	T:1997-03-28T00:00:00	I:2	F:71.07	S:Queen Cozinha	S:Alameda dos Canàrios, 891	S:Sao Paulo	S:SP	S:05487-020	S:Brazil
I:10494	S:COMMI	I:4	T:1997-04-02T00:00:00	T:1997-04-30T00:00:00	T:1997-04-09T00:00:00	I:2	F:65.99	S:Comércio Mineiro	S:Av. dos Lusíadas, 23	S:Sao Paulo	S:SP	S:05432-043	S:Brazil
I:10496	S:TRADH	I:7	T:1997-04-04T00:00:00	T:1997-05-02T00:00:00	T:1997-04-07T00:00:00	I:2	F:46.77	S:Tradiçao Hipermercados	S:Av. Inês de Castro, 414	S:Sao Paulo	S:SP	S:05634-030	S:Brazil
I:10512	S:FAMIA	I:7	T:1997-04-21T00:00:00	T:1997-05-19T00:00:00	T:1997-04-24T00:00:00	I:2	F:3.53	S:Familia Arquibaldo	S:Rua Orós, 92	S:Sao Paulo	S:SP	S:05442-030	S:Brazil
I:10541	S:HANAR	I:2	T:1997-05-19T00:00:00	T:1997-06-16T00:00:00	T:1997-05-29T00:00:00	I:1	F:68.65	S:Hanari Carnes	S:Rua do Paço, 67	S:Rio de Janeiro	S:RJ	S:05454-876	S:Brazil
I:10563	S:RICAR	I:2	T:1997-06-10T00:00:00	T:1997-07-22T00:00:00	T:1997-06-24T00:00:00	I:2	F:60.43	S:Ricardo Adocicados	S:Av. Copacabana, 267	S:Rio de Janeiro	S:RJ	S:02389-890	S:Brazil
I:10581	S:FAMIA	I:3	T:1997-06-26T00:00:00	T:1997-07-24T00:00:00	T:1997-07-02T00:00:00	I:1	F:3.01	S:Familia Arquibaldo	S:Rua Orós, 92	S:Sao Paulo	S:SP	S:05442-030	S:Brazil
I:10585	S:WELLI	I:7	T:1997-07-01T00:00:00	T:1997-07-29T00:00:00	T:1997-07-10T00:00:00	I:1	F:13.41	S:Wellington Importadora	S:Rua do Mercado, 12	S:Resende	S:SP	S:08737-363	S:Brazil
I:10587	S:QUEDE	I:1	T:1997-07-02T00:00:00	T:1997-07-30T00:00:00	T:1997-07-09T00:00:00	I:1	F:62.52	S:Que Delícia	S:Rua da Panificadora, 12	S:Rio de Janeiro	S:RJ	S:02389-673	S:Brazil
I:10606	S:TRADH	I:4	T:1997-07-22T00:00:00	T:1997-08-19T00:00:00	T:1997-07-31T00:00:00	I:3	F:79.4	S:Tradiçao Hipermercados	S:Av. Inês de Castro, 414	S:Sao Paulo	S:SP	S:05634-030	S:Brazil
I:10622	S:RICAR	I:4	T:1997-08-06T00:00:00	T:1997-09-03T00:00:00	T:1997-08-11T00:00:00	I:3	F:50.97	S:Ricardo Adocicados	S:Av. Copacabana, 267	S:Rio de Janeiro	S:RJ	S:02389-890	S:Brazil
I:10637	S:QUEEN	I:6	T:1997-08-19T00:00:00	T:1997-09-16T00:00:00	T:1997-08-26T00:00:00	I:1	F:201.29	S:Queen Cozinha	S:Alameda dos Canàrios, 891	S:Sao Paulo	S:SP	S:05487-020	S:Brazil
I:10644	S:WELLI	I:3	T:1997-08-25T00:00:00	T:1997-09-22T00:00:00	T:1997-09-01T00:00:00	I:2	F:0.14	S:Wellington Importadora	S:Rua do Mercado, 12	S:Resende	S:SP	S:08737-363	S:Brazil
I:10645	S:HANAR	I:4	T:1997-08-26T00:00:00	T:1997-09-23T00:00:00	T:1997-09-02T00:00:00	I:1	F:12.41	S:Hanari Carnes	S:Rua do Paço, 67	S:Rio de Janeiro	S:RJ	S:05454-876	S:Brazil
I:10647	S:QUEDE	I:4	T:1997-08-27T00:00:00	T:1997-09-10T00:00:00	T:1997-09-03T00:00:00	I:2	F:45.54	S:Que Delícia	S:Rua da Panificadora, 12	S:Rio de Janeiro	S:RJ	S:02389-673	S:Brazil
I:10648	S:RICAR	I:5	T:1997-08-28T00:00:00	T:1997-10-09T00:00:00	T:1997-09-09T00:00:00	I:2	F:14.25	S:Ricardo Adocicados	S:Av. Copacabana, 267	S:Rio de Janeiro	S:RJ	S:02389-890	S:Brazil
I:10650	S:FAMIA	I:5	T:1997-08-29T00:00:00	T:1997-09-26T00:00:00	T:1997-09-03T00:00:00	I:3	F:176.81	S:Familia Arquibaldo	S:Rua Orós, 92	S:Sao Paulo	S:SP	S:05442-030	S:Brazil
I:10652	S:GOURL	I:4	T:1997-09-01T00:00:00	T:1997-09-29T00:00:00	T:1997-09-08T00:00:00	I:2	F:7.14	S:Gourmet Lanchonetes	S:Av. Brasil, 442	S:Campinas	S:SP	S:04876-786	S:Brazil
I:10659	S:QUEEN	I:7	T:1997-09-05T00:00:00	T:1997-10-03T00:00:00	T:1997-09-10T00:00:00	I:2	F:105.81	S:Queen Cozinha	S:Alameda dos Canàrios, 891	S:Sao Paulo	S:SP	S:05487-020	S:Brazil
I:10685	S:GOURL	I:4	T:1997-09-29T00:00:00	T:1997-10-13T00:00:00	T:1997-10-03T00:00:00	I:2	F:33.75	S:Gourmet Lanchonetes	S:Av. Brasil, 442	S:Campinas	S:SP	S:04876-786	S:Brazil
I:10690	S:HANAR	I:1	T:1997-10-02T00:00:00	T:1997-10-30T00:00:00	T:1997-10-03T00:00:00	I:1	F:15.8	S:Hanari Carnes	S:Rua do Paço, 67	S:Rio de Janeiro	S:RJ	S:05454-876	S:Brazil
I:10704	S:QUEEN	I:6	T:1997-10-14T00:00:00	T:1997-11-11T00:00:00	T:1997-11-07T00:00:00	I:1	F:4.78	S:Queen Cozinha	S:Alameda dos Canàrios, 891	S:Sao Paulo	S:SP	S:05487-020	S:Brazil
I:10709	S:GOURL	I:1	T:1997-10-17T00:00:00	T:1997-11-14T00:00:00	T:1997-11-20T00:00:00	I:3	F:210.8	S:Gourmet Lanchonetes	S:Av. Brasil, 442	S:Campinas	S:SP	S:04876-786	S:Brazil
I:10720	S:QUEDE	I:8	T:1997-10-28T00:00:00	T:1997-11-11T00:00:00	T:1997-11-05T00:00:00	I:2	F:9.53	S:Que Delícia	S:Rua da Panificadora, 12	S:Rio de Janeiro	S:RJ	S:02389-673	S:Brazil
I:10725	S:FAMIA	I:4	T:1997-10-31T00:00:00	T:1997-11-28T00:00:00	T:1997-11-05T00:00:00	I:3	F:10.83	S:Familia Arquibaldo	S:Rua Orós, 92	S:Sao Paulo	S:SP	S:05442-030	S:Brazil
I:10728	S:QUEEN	I:4	T:1997-11-04T00:00:00	T:1997-12-02T00:00:00	T:1997-11-11T00:00:00	I:2	F:58.33	S:Queen Cozinha	S:Alameda dos Canàrios, 891	S:Sao Paulo	S:SP	S:05487-020	S:Brazil
I:10734	S:GOURL	I:2	T:1997-11-07T00:00:00	T:1997-12-05T00:00:00	T:1997-11-12T00:00:00	I:3	F:1.63	S:Gourmet Lanchonetes	S:Av. Brasil, 442	S:Campinas	S:SP	S:04876-786	S:Brazil
I:10770	S:HANAR	I:8	T:1997-12-09T00:00:00	T:1998-01-06T00:00:00	T:1997-12-17T00:00:00	I:3	F:5.32	S:Hanari Carnes	S:Rua do Paço, 67	S:Rio de Janeiro	S:RJ	S:05454-876	S:Brazil
I:10777	S:GOURL	I:7	T:1997-12-15T00:00:00	T:1997-12-29T00:00:00	T:1998-01-21T00:00:00	I:2	F:3.01	S:Gourmet Lanchonetes	S:Av. Brasil, 442	S:Campinas	S:SP	S:04876-786	S:Brazil
I:10783	S:HANAR	I:4	T:1997-12-18T00:00:00	T:1998-01-15T00:00:00	T:1997-12-19T00:00:00	I:2	F:124.98	S:Hanari Carnes	S:Rua do Paço, 67	S:Rio de Janeiro	S:RJ	S:05454-876	S:Brazil
I:10786	S:QUEEN	I:8	T:1997-12-19T00:00:00	T:1998-01-16T00:00:00	T:1997-12-23T00:00:00	I:1	F:110.87	S:Queen Cozinha	S:Alameda dos Canàrios, 891	S:Sao Paulo	S:SP	S:05487-020	S:Brazil
I:10790	S:GOURL	I:6	T:1997-12-22T00:00:00	T:1998-01-19T00:00:00	T:1997-12-26T00:00:00	I:1	F:28.23	S:Gourmet Lanchonetes	S:Av. Brasil, 442	S:Campinas	S:SP	S:04876-786	S:Brazil
I:10794	S:QUEDE	I:6	T:1997-12-24T00:00:00	T:1998-01-21T00:00:00	T:1998-01-02T00:00:00	I:1	F:21.49	S:Que Delícia	S:Rua da Panificadora, 12	S:Rio de Janeiro	S:RJ	S:02389-673	S:Brazil
I:10803	S:WELLI	I:4	T:1997-12-30T00:00:00	T:1998-01-27T00:00:00	T:1998-01-06T00:00:00	I:1	F:55.23	S:Wellington Importadora	S:Rua do Mercado, 12	S:Resende	S:SP	S:08737-363	S:Brazil
I:10809	S:WELLI	I:7	T:1998-01-01T00:00:00	T:1998-01-29T00:00:00	T:1998-01-07T00:00:00	I:1	F:4.87	S:Wellington Importadora	S:Rua do Mercado, 12	S:Resende	S:SP	S:08737-363	S:Brazil
I:10813	S:RICAR	I:1	T:1998-01-05T00:00:00	T:1998-02-02T00:00:00	T:1998-01-09T00:00:00	I:1	F:47.38	S:Ricardo Adocicados	S:Av. Copacabana, 267	S:Rio de Janeiro	S:RJ	S:02389-890	S:Brazil
I:10830	S:TRADH	I:4	T:1998-01-13T00:00:00	T:1998-02-24T00:00:00	T:1998-01-21T00:00:00	I:2	F:81.83	S:Tradiçao Hipermercados	S:Av. Inês de Castro, 414	S:Sao Paulo	S:SP	S:05634-030	S:Brazil
I:10834	S:TRADH	I:1	T:1998-01-15T00:00:00	T:1998-02-12T00:00:00	T:1998-01-19T00:00:00	I:3	F:29.78	S:Tradiçao Hipermercados	S:Av. Inês de Castro, 414	S:Sao Paulo	S:SP	S:05634-030	S:Brazil
I:10839	S:TRADH	I:3	T:1998-01-19T00:00:00	T:1998-02-16T00:00:00	T:1998-01-22T00:00:00	I:3	F:35.43	S:Tradiçao Hipermercados	S:Av. Inês de Castro, 414	S:Sao Paulo	S:SP	S:05634-030	S:Brazil
I:10851	S:RICAR	I:5	T:1998-01-26T00:00:00	T:1998-02-23T00:00:00	T:1998-02-02T00:00:00	I:1	F:160.55	S:Ricardo Adocicados	S:Av. Copacabana, 267	S:Rio de Janeiro	S:RJ	S:02389-890	S:Brazil
I:10868	S:QUEEN	I:7	T:1998-02-04T00:00:00	T:1998-03-04T00:00:00	T:1998-02-23T00:00:00	I:2	F:191.27	S:Queen Cozinha	S:Alameda dos Canàrios, 891	S:Sao Paulo	S:SP	S:05487-020	S:Brazil
I:10877	S:RICAR	I:1	T:1998-02-09T00:00:00	T:1998-03-09T00:00:00	T:1998-02-19T00:00:00	I:1	F:38.06	S:Ricardo Adocicados	S:Av. Copacabana, 267	S:Rio de Janeiro	S:RJ	S:02389-890	S:Brazil
I:10886	S:HANAR	I:1	T:1998-02-13T00:00:00	T:1998-03-13T00:00:00	T:1998-03-02T00:00:00	I:1	F:4.99	S:Hanari Carnes	S:Rua do Paço, 67	S:Rio de Janeiro	S:RJ	S:05454-876	S:Brazil
I:10900	S:WELLI	I:1	T:1998-02-20T00:00:00	T:1998-03-20T00:00:00	T:1998-03-04T00:00:00	I:2	F:1.66	S:Wellington Importadora	S:Rua do Mercado, 12	S:Resende	S:SP	S:08737-363	S:Brazil
I:10903	S:HANAR	I:3	T:1998-02-24T00:00:00	T:1998-03-24T00:00:00	T:1998-03-04T00:00:00	I:3	F:36.71	S:Hanari Carnes	S:Rua do Paço, 67	S:Rio de Janeiro	S:RJ	S:05454-876	S:Brazil
I:10905	S:WELLI	I:9	T:1998-02-24T00:00:00	T:1998-03-24T00:00:00	T:1998-03-06T00:00:00	I:2	F:13.72	S:Wellington Importadora	S:Rua do Mercado, 12	S:Resende	S:SP	S:08737-363	S:Brazil
I:10913	S:QUEEN	I:4	T:1998-02-26T00:00:00	T:1998-03-26T00:00:00	T:1998-03-04T00:00:00	I:1	F:33.05	S:Queen Cozinha	S:Alameda dos Canàrios, 891	S:Sao Paulo	S:SP	S:05487-020	S:Brazil
I:10914	S:QUEEN	I:6	T:1998-02-27T00:00:00	T:1998-03-27T00:00:00	T:1998-03-02T00:00:00	I:1	F:21.19	S:Queen Cozinha	S:Alameda dos Canàrios, 891	S:Sao Paulo	S:SP	S:05487-020	S:Brazil
I:10922	S:HANAR	I:5	T:1998-03-03T00:00:00	T:1998-03-31T00:00:00	T:1998-03-05T00:00:00	I:3	F:62.74	S:Hanari Carnes	S:Rua do Paço, 67	S:Rio de Janeiro	S:RJ	S:05454-876	S:Brazil
I:10925	S:HANAR	I:3	T:1998-03-04T00:00:00	T:1998-04-01T00:00:00	T:1998-03-13T00:00:00	I:1	F:2.27	S:Hanari Carnes	S:Rua do Paço, 67	S:Rio de Janeiro	S:RJ	S:05454-876	S:Brazil
I:10935	S:WELLI	I:4	T:1998-03-09T00:00:00	T:1998-04-06T00:00:00	T:1998-03-18T00:00:00	I:3	F:47.59	S:Wellington Importadora	S:Rua do Mercado, 12	S:Resende	S:SP	S:08737-363	S:Brazil
I:10959	S:GOURL	I:6	T:1998-03-18T00:00:00	T:1998-04-29T00:00:00	T:1998-03-23T00:00:00	I:2	F:4.98	S:Gourmet Lanchonetes	S:Av. Brasil, 442	S:Campinas	S:SP	S:04876-786	S:Brazil
I:10961	S:QUEEN	I:8	T:1998-03-19T00:00:00	T:1998-04-16T00:00:00	T:1998-03-30T00:00:00	I:1	F:104.47	S:Queen Cozinha	S:Alameda dos Canàrios, 891	S:Sao Paulo	S:SP	S:05487-020	S:Brazil
I:10969	S:COMMI	I:1	T:1998-03-23T00:00:00	T:1998-04-20T00:00:00	T:1998-03-30T00:00:00	I:2	F:0.21	S:Comércio Mineiro	S:Av. dos Lusíadas, 23	S:Sao Paulo	S:SP	S:05432-043	S:Brazil
I:10981	S:HANAR	I:1	T:1998-03-27T00:00:00	T:1998-04-24T00:00:00	T:1998-04-02T00:00:00	I:2	F:193.37	S:Hanari Carnes	S:Rua do Paço, 67	S:Rio de Janeiro	S:RJ	S:05454-876	S:Brazil
I:10989	S:QUEDE	I:2	T:1998-03-31T00:00:00	T:1998-04-28T00:00:00	T:1998-04-02T00:00:00	I:1	F:34.76	S:Que Delícia	S:Rua da Panificadora, 12	S:Rio de Janeiro	S:RJ	S:02389-673	S:Brazil
I:11022	S:HANAR	I:9	T:1998-04-14T00:00:00	T:1998-05-12T00:00:00	T:1998-05-04T00:00:00	I:2	F:6.27	S:Hanari Carnes	S:Rua do Paço, 67	S:Rio de Janeiro	S:RJ	S:05454-876	S:Brazil
I:11042	S:COMMI	I:2	T:1998-04-22T00:00:00	T:1998-05-06T00:00:00	T:1998-05-01T00:00:00	I:1	F:29.99	S:Comércio Mineiro	S:Av. dos Lusíadas, 23	S:Sao Paulo	S:SP	S:05432-043	S:Brazil
I:11049	S:GOURL	I:3	T:1998-04-24T00:00:00	T:1998-05-22T00:00:00	T:1998-05-04T00:00:00	I:1	F:8.34	S:Gourmet Lanchonetes	S:Av. Brasil, 442	S:Campinas	S:SP	S:04876-786	S:Brazil
I:11052	S:HANAR	I:3	T:1998-04-27T00:00:00	T:1998-05-25T00:00:00	T:1998-05-01T00:00:00	I:1	F:67.26	S:Hanari Carnes	S:Rua do Paço, 67	S:Rio de Janeiro	S:RJ	S:05454-876	S:Brazil
I:11059	S:RICAR	I:2	T:1998-04-29T00:00:00	T:1998-06-10T00:00:00	~N~	I:2	F:85.8	S:Ricardo Adocicados	S:Av. Copacabana, 267	S:Rio de Janeiro	S:RJ	S:02389-890	S:Brazil
I:11068	S:QUEEN	I:8	T:1998-05-04T00:00:00	T:1998-06-01T00:00:00	~N~	I:2	F:81.75	S:Queen Cozinha	S:Alameda dos Canàrios, 891	S:Sao Paulo	S:SP	S:05487-020	S:Brazil
I:10262	S:RATTC	I:8	T:1996-07-22T00:00:00	T:1996-08-19T00:00:00	T:1996-07-25T00:00:00	I:3	F:48.29	S:Rattlesnake Canyon Grocery	S:2817 Milton Dr.	S:Albuquerque	S:NM	S:87110	S:USA
I:10269	S:WHITC	I:5	T:1996-07-31T00:00:00	T:1996-08-14T00:00:00	T:1996-08-09T00:00:00	I:1	F:4.56	S:White Clover Markets	S:1029 - 12th Ave. S.	S:Seattle	S:WA	S:98124	S:USA
I:10271	S:SPLIR	I:6	T:1996-08-01T00:00:00	T:1996-08-29T00:00:00	T:1996-08-30T00:00:00	I:2	F:4.54	S:Split Rail Beer & Ale	S:P.O. Box 555	S:Lander	S:WY	S:82520	S:USA
I:10272	S:RATTC	I:6	T:1996-08-02T00:00:00	T:1996-08-30T00:00:00	T:1996-08-06T00:00:00	I:2	F:98.03	S:Rattlesnake Canyon Grocery	S:2817 Milton Dr.	S:Albuquerque	S:NM	S:87110	S:USA
I:10294	S:RATTC	I:4	T:1996-08-30T00:00:00	T:1996-09-27T00:00:00	T:1996-09-05T00:00:00	I:2	F:147.26	S:Rattlesnake Canyon Grocery	S:2817 Milton Dr.	S:Albuquerque	S:NM	S:87110	S:USA
I:10305	S:OLDWO	I:8	T:1996-09-13T00:00:00	T:1996-10-11T00:00:00	T:1996-10-09T00:00:00	I:3	F:257.62	S:Old World Delicatessen	S:2743 Bering St.	S:Anchorage	S:AK	S:99508	S:USA
I:10307	S:LONEP	I:2	T:1996-09-17T00:00:00	T:1996-10-15T00:00:00	T:1996-09-25T00:00:00	I:2	F:0.56	S:Lonesome Pine Restaurant	S:89 Chiaroscuro Rd.	S:Portland	S:OR	S:97219	S:USA
I:10310	S:THEBI	I:8	T:1996-09-20T00:00:00	T:1996-10-18T00:00:00	T:1996-09-27T00:00:00	I:2	F:17.52	S:The Big Cheese	S:89 Jefferson Way Suite 2	S:Portland	S:OR	S:97201	S:USA
I:10314	S:RATTC	I:1	T:1996-09-25T00:00:00	T:1996-10-23T00:00:00	T:1996-10-04T00:00:00	I:2	F:74.16	S:Rattlesnake Canyon Grocery	S:2817 Milton Dr.	S:Albuquerque	S:NM	S:87110	S:USA
I:10316	S:RATTC	I:1	T:1996-09-27T00:00:00	T:1996-10-25T00:00:00	T:1996-10-08T00:00:00	I:3	F:150.15	S:Rattlesnake Canyon Grocery	S:2817 Milton Dr.	S:Albuquerque	S:NM	S:87110	S:USA
I:10317	S:LONEP	I:6	T:1996-09-30T00:00:00	T:1996-10-28T00:00:00	T:1996-10-10T00:00:00	I:1	F:12.69	S:Lonesome Pine Restaurant	S:89 Chiaroscuro Rd.	S:Portland	S:OR	S:97219	S:USA
I:10324	S:SAVEA	I:9	T:1996-10-08T00:00:00	T:1996-11-05T00:00:00	T:1996-10-10T00:00:00	I:1	F:214.27	S:Save-a-lot Markets	S:187 Suffolk Ln.	S:Boise	S:ID	S:83720	S:USA
I:10329	S:SPLIR	I:4	T:1996-10-15T00:00:00	T:1996-11-26T00:00:00	T:1996-10-23T00:00:00	I:2	F:191.67	S:Split Rail Beer & Ale	S:P.O. Box 555	S:Lander	S:WY	S:82520	S:USA
I:10338	S:OLDWO	I:4	T:1996-10-25T00:00:00	T:1996-11-22T00:00:00	T:1996-10-29T00:00:00	I:3	F:84.21	S:Old World Delicatessen	S:2743 Bering St.	S:Anchorage	S:AK	S:99508	S:USA
I:10344	S:WHITC	I:4	T:1996-11-01T00:00:00	T:1996-11-29T00:00:00	T:1996-11-05T00:00:00	I:2	F:23.29	S:White Clover Markets	S:1029 - 12th Ave. S.	S:Seattle	S:WA	S:98124	S:USA
I:10346	S:RATTC	I:3	T:1996-11-05T00:00:00	T:1996-12-17T00:00:00	T:1996-11-08T00:00:00	I:3	F:142.08	S:Rattlesnake Canyon Grocery	S:2817 Milton Dr.	S:Albuquerque	S:NM	S:87110	S:USA
I:10349	S:SPLIR	I:7	T:1996-11-08T00:00:00	T:1996-12-06T00:00:00	T:1996-11-15T00:00:00	I:1	F:8.63	S:Split Rail Beer & Ale	S:P.O. Box 555	S:Lander	S:WY	S:82520	S:USA
I:10369	S:SPLIR	I:8	T:1996-12-02T00:00:00	T:1996-12-30T00:00:00	T:1996-12-09T00:00:00	I:2	F:195.68	S:Split Rail Beer & Ale	S:P.O. Box 555	S:Lander	S:WY	S:82520	S:USA
I:10375	S:HUNGC	I:3	T:1996-12-06T00:00:00	T:1997-01-03T00:00:00	T:1996-12-09T00:00:00	I:2	F:20.12	S:Hungry Coyote Import Store	S:City Center Plaza 516 Main St.	S:Elgin	S:OR	S:97827	S:USA
I:10385	S:SPLIR	I:1	T:1996-12-17T00:00:00	T:1997-01-14T00:00:00	T:1996-12-23T00:00:00	I:2	F:30.96	S:Split Rail Beer & Ale	S:P.O. Box 555	S:Lander	S:WY	S:82520	S:USA
I:10393	S:SAVEA	I:1	T:1996-12-25T00:00:00	T:1997-01-22T00:00:00	T:1997-01-03T00:00:00	I:3	F:126.56	S:Save-a-lot Markets	S:187 Suffolk Ln.	S:Boise	S:ID	S:83720	S:USA
I:10394	S:HUNGC	I:1	T:1996-12-25T00:00:00	T:1997-01-22T00:00:00	T:1997-01-03T00:00:00	I:3	F:30.34	S:Hungry Coyote Import Store	S:City Center Plaza 516 Main St.	S:Elgin	S:OR	S:97827	S:USA
I:10398	S:SAVEA	I:2	T:1996-12-30T00:00:00	T:1997-01-27T00:00:00	T:1997-01-09T00:00:00	I:3	F:89.16	S:Save-a-lot Markets	S:187 Suffolk Ln.	S:Boise	S:ID	S:83720	S:USA
I:10401	S:RATTC	I:1	T:1997-01-01T00:00:00	T:1997-01-29T00:00:00	T:1997-01-10T00:00:00	I:1	F:12.51	S:Rattlesnake Canyon Grocery	S:2817 Milton Dr.	S:Albuquerque	S:NM	S:87110	S:USA
I:10415	S:HUNGC	I:3	T:1997-01-15T00:00:00	T:1997-02-12T00:00:00	T:1997-01-24T00:00:00	I:1	F:0.2	S:Hungry Coyote Import Store	S:City Center Plaza 516 Main St.	S:Elgin	S:OR	S:97827	S:USA
I:10432	S:SPLIR	I:3	T:1997-01-31T00:00:00	T:1997-02-14T00:00:00	T:1997-02-07T00:00:00	I:2	F:4.34	S:Split Rail Beer & Ale	S:P.O. Box 555	S:Lander	S:WY	S:82520	S:USA
I:10440	S:SAVEA	I:4	T:1997-02-10T00:00:00	T:1997-03-10T00:00:00	T:1997-02-28T00:00:00	I:2	F:86.53	S:Save-a-lot Markets	S:187 Suffolk Ln.	S:Boise	S:ID	S:83720	S:USA
I:10441	S:OLDWO	I:3	T:1997-02-10T00:00:00	T:1997-03-24T00:00:00	T:1997-03-14T00:00:00	I:2	F:73.02	S:Old World Delicatessen	S:2743 Bering St.	S:Anchorage	S:AK	S:99508	S:USA
I:10452	S:SAVEA	I:8	T:1997-02-20T00:00:00	T:1997-03-20T00:00:00	T:1997-02-26T00:00:00	I:1	F:140.26	S:Save-a-lot Markets	S:187 Suffolk Ln.	S:Boise	S:ID	S:83720	S:USA
I:10469	S:WHITC	I:1	T:1997-03-10T00:00:00	T:1997-04-07T00:00:00	T:1997-03-14T00:00:00	I:1	F:60.18	S:White Clover Markets	S:1029 - 12th Ave. S.	S:Seattle	S:WA	S:98124	S:USA
I:10479	S:RATTC	I:3	T:1997-03-19T00:00:00	T:1997-04-16T00:00:00	T:1997-03-21T00:00:00	I:3	F:708.95	S:Rattlesnake Canyon Grocery	S:2817 Milton Dr.	S:Albuquerque	S:NM	S:87110	S:USA
I:10482	S:LAZYK	I:1	T:1997-03-21T00:00:00	T:1997-04-18T00:00:00	T:1997-04-10T00:00:00	I:3	F:7.48	S:Lazy K Kountry Store	S:12 Orchestra Terrace	S:Walla Walla	S:WA	S:99362	S:USA
I:10483	S:WHITC	I:7	T:1997-03-24T00:00:00	T:1997-04-21T00:00:00	T:1997-04-25T00:00:00	I:2	F:15.28	S:White Clover Markets	S:1029 - 12th Ave. S.	S:Seattle	S:WA	S:98124	S:USA
I:10504	S:WHITC	I:4	T:1997-04-11T00:00:00	T:1997-05-09T00:00:00	T:1997-04-18T00:00:00	I:3	F:59.13	S:White Clover Markets	S:1029 - 12th Ave. S.	S:Seattle	S:WA	S:98124	S:USA
I:10510	S:SAVEA	I:6	T:1997-04-18T00:00:00	T:1997-05-16T00:00:00	T:1997-04-28T00:00:00	I:3	F:367.63	S:Save-a-lot Markets	S:187 Suffolk Ln.	S:Boise	S:ID	S:83720	S:USA
I:10528	S:GREAL	I:6	T:1997-05-06T00:00:00	T:1997-05-20T00:00:00	T:1997-05-09T00:00:00	I:2	F:3.35	S:Great Lakes Food Market	S:2732 Baker Blvd.	S:Eugene	S:OR	S:97403	S:USA
I:10544	S:LONEP	I:4	T:1997-05-21T00:00:00	T:1997-06-18T00:00:00	T:1997-05-30T00:00:00	I:1	F:24.91	S:Lonesome Pine Restaurant	S:89 Chiaroscuro Rd.	S:Portland	S:OR	S:97219	S:USA
I:10545	S:LAZYK	I:8	T:1997-05-22T00:00:00	T:1997-06-19T00:00:00	T:1997-06-26T00:00:00	I:2	F:11.92	S:Lazy K Kountry Store	S:12 Orchestra Terrace	S:Walla Walla	S:WA	S:99362	S:USA
I:10555	S:SAVEA	I:6	T:1997-06-02T00:00:00	T:1997-06-30T00:00:00	T:1997-06-04T00:00:00	I:3	F:252.49	S:Save-a-lot Markets	S:187 Suffolk Ln.	S:Boise	S:ID	S:83720	S:USA
I:10564	S:RATTC	I:4	T:1997-06-10T00:00:00	T:1997-07-08T00:00:00	T:1997-06-16T00:00:00	I:3	F:13.75	S:Rattlesnake Canyon Grocery	S:2817 Milton Dr.	S:Albuquerque	S:NM	S:87110	S:USA
I:10569	S:RATTC	I:5	T:1997-06-16T00:00:00	T:1997-07-14T00:00:00	T:1997-07-11T00:00:00	I:1	F:58.98	S:Rattlesnake Canyon Grocery	S:2817 Milton Dr.	S:Albuquerque	S:NM	S:87110	S:USA
I:10574	S:TRAIH	I:4	T:1997-06-19T00:00:00	T:1997-07-17T00:00:00	T:1997-06-30T00:00:00	I:2	F:37.6	S:Trail's Head Gourmet Provisioners	S:722 DaVinci Blvd.	S:Kirkland	S:WA	S:98034	S:USA
I:10577	S:TRAIH	I:9	T:1997-06-23T00:00:00	T:1997-08-04T00:00:00	T:1997-06-30T00:00:00	I:2	F:25.41	S:Trail's Head Gourmet Provisioners	S:722 DaVinci Blvd.	S:Kirkland	S:WA	S:98034	S:USA
I:10579	S:LETSS	I:1	T:1997-06-25T00:00:00	T:1997-07-23T00:00:00	T:1997-07-04T00:00:00	I:2	F:13.73	S:Let's Stop N Shop	S:87 Polk St. Suite 5	S:San Francisco	S:CA	S:94117	S:USA
I:10589	S:GREAL	I:8	T:1997-07-04T00:00:00	T:1997-08-01T00:00:00	T:1997-07-14T00:00:00	I:2	F:4.42	S:Great Lakes Food Market	S:2732 Baker Blvd.	S:Eugene	S:OR	S:97403	S:USA
I:10594	S:OLDWO	I:3	T:1997-07-09T00:00:00	T:1997-08-06T00:00:00	T:1997-07-16T00:00:00	I:2	F:5.24	S:Old World Delicatessen	S:2743 Bering St.	S:Anchorage	S:AK	S:99508	S:USA
I:10596	S:WHITC	I:8	T:1997-07-11T00:00:00	T:1997-08-08T00:00:00	T:1997-08-12T00:00:00	I:1	F:16.34	S:White Clover Markets	S:1029 - 12th Ave. S.	S:Seattle	S:WA	S:98124	S:USA
I:10598	S:RATTC	I:1	T:1997-07-14T00:00:00	T:1997-08-11T00:00:00	T:1997-07-18T00:00:00	I:3	F:44.42	S:Rattlesnake Canyon Grocery	S:2817 Milton Dr.	S:Albuquerque	S:NM	S:87110	S:USA
I:10600	S:HUNGC	I:4	T:1997-07-16T00:00:00	T:1997-08-13T00:00:00	T:1997-07-21T00:00:00	I:1	F:45.13	S:Hungry Coyote Import Store	S:City Center Plaza 516 Main St.	S:Elgin	S:OR	S:97827	S:USA
I:10603	S:SAVEA	I:8	T:1997-07-18T00:00:00	T:1997-08-15T00:00:00	T:1997-08-08T00:00:00	I:2	F:48.77	S:Save-a-lot Markets	S:187 Suffolk Ln.	S:Boise	S:ID	S:83720	S:USA
I:10607	S:SAVEA	I:5	T:1997-07-22T00:00:00	T:1997-08-19T00:00:00	T:1997-07-25T00:00:00	I:1	F:200.24	S:Save-a-lot Markets	S:187 Suffolk Ln.	S:Boise	S:ID	S:83720	S:USA
I:10612	S:SAVEA	I:1	T:1997-07-28T00:00:00	T:1997-08-25T00:00:00	T:1997-08-01T00:00:00	I:2	F:544.08	S:Save-a-lot Markets	S:187 Suffolk Ln.	S:Boise	S:ID	S:83720	S:USA
I:10616	S:GREAL	I:1	T:1997-07-31T00:00:00	T:1997-08-28T00:00:00	T:1997-08-05T00:00:00	I:2	F:116.53	S:Great Lakes Food Market	S:2732 Baker Blvd.	S:Eugene	S:OR	S:97403	S:USA
I:10617	S:GREAL	I:4	T:1997-07-31T00:00:00	T:1997-08-28T00:00:00	T:1997-08-04T00:00:00	I:2	F:18.53	S:Great Lakes Food Market	S:2732 Baker Blvd.	S:Eugene	S:OR	S:97403	S:USA
I:10624	S:THECR	I:4	T:1997-08-07T00:00:00	T:1997-09-04T00:00:00	T:1997-08-19T00:00:00	I:2	F:94.8	S:The Cracker Box	S:55 Grizzly Peak Rd.	S:Butte	S:MT	S:59801	S:USA
I:10627	S:SAVEA	I:8	T:1997-08-11T00:00:00	T:1997-09-22T00:00:00	T:1997-08-21T00:00:00	I:3	F:107.46	S:Save-a-lot Markets	S:187 Suffolk Ln.	S:Boise	S:ID	S:83720	S:USA
I:10656	S:GREAL	I:6	T:1997-09-04T00:00:00	T:1997-10-02T00:00:00	T:1997-09-10T00:00:00	I:1	F:57.15	S:Great Lakes Food Market	S:2732 Baker Blvd.	S:Eugene	S:OR	S:97403	S:USA
I:10657	S:SAVEA	I:2	T:1997-09-04T00:00:00	T:1997-10-02T00:00:00	T:1997-09-15T00:00:00	I:2	F:352.69	S:Save-a-lot Markets	S:187 Suffolk Ln.	S:Boise	S:ID	S:83720	S:USA
I:10660	S:HUNGC	I:8	T:1997-09-08T00:00:00	T:1997-10-06T00:00:00	T:1997-10-15T00:00:00	I:1	F:111.29	S:Hungry Coyote Import Store	S:City Center Plaza 516 Main St.	S:Elgin	S:OR	S:97827	S:USA
I:10662	S:LONEP	I:3	T:1997-09-09T00:00:00	T:1997-10-07T00:00:00	T:1997-09-18T00:00:00	I:2	F:1.28	S:Lonesome Pine Restaurant	S:89 Chiaroscuro Rd.	S:Portland	S:OR	S:97219	S:USA
I:10665	S:LONEP	I:1	T:1997-09-11T00:00:00	T:1997-10-09T00:00:00	T:1997-09-17T00:00:00	I:2	F:26.31	S:Lonesome Pine Restaurant	S:89 Chiaroscuro Rd.	S:Portland	S:OR	S:97219	S:USA
I:10678	S:SAVEA	I:7	T:1997-09-23T00:00:00	T:1997-10-21T00:00:00	T:1997-10-16T00:00:00	I:3	F:388.98	S:Save-a-lot Markets	S:187 Suffolk Ln.	S:Boise	S:ID	S:83720	S:USA
I:10680	S:OLDWO	I:1	T:1997-09-24T00:00:00	T:1997-10-22T00:00:00	T:1997-09-26T00:00:00	I:1	F:26.61	S:Old World Delicatessen	S:2743 Bering St.	S:Anchorage	S:AK	S:99508	S:USA
I:10681	S:GREAL	I:3	T:1997-09-25T00:00:00	T:1997-10-23T00:00:00	T:1997-09-30T00:00:00	I:3	F:76.13	S:Great Lakes Food Market	S:2732 Baker Blvd.	S:Eugene	S:OR	S:97403	S:USA
I:10693	S:WHITC	I:3	T:1997-10-06T00:00:00	T:1997-10-20T00:00:00	T:1997-10-10T00:00:00	I:3	F:139.34	S:White Clover Markets	S:1029 - 12th Ave. S.	S:Seattle	S:WA	S:98124	S:USA
I:10696	S:WHITC	I:8	T:1997-10-08T00:00:00	T:1997-11-19T00:00:00	T:1997-10-14T00:00:00	I:3	F:102.55	S:White Clover Markets	S:1029 - 12th Ave. S.	S:Seattle	S:WA	S:98124	S:USA
I:10700	S:SAVEA	I:3	T:1997-10-10T00:00:00	T:1997-11-07T00:00:00	T:1997-10-16T00:00:00	I:1	F:65.1	S:Save-a-lot Markets	S:187 Suffolk Ln.	S:Boise	S:ID	S:83720	S:USA
I:10706	S:OLDWO	I:8	T:1997-10-16T00:00:00	T:1997-11-13T00:00:00	T:1997-10-21T00:00:00	I:3	F:135.63	S:Old World Delicatessen	S:2743 Bering St.	S:Anchorage	S:AK	S:99508	S:USA
I:10708	S:THEBI	I:6	T:1997-10-17T00:00:00	T:1997-11-28T00:00:00	T:1997-11-05T00:00:00	I:2	F:2.96	S:The Big Cheese	S:89 Jefferson Way Suite 2	S:Portland	S:OR	S:97201	S:USA
I:10711	S:SAVEA	I:5	T:1997-10-21T00:00:00	T:1997-12-02T00:00:00	T:1997-10-29T00:00:00	I:2	F:52.41	S:Save-a-lot Markets	S:187 Suffolk Ln.	S:Boise	S:ID	S:83720	S:USA
I:10713	S:SAVEA	I:1	T:1997-10-22T00:00:00	T:1997-11-19T00:00:00	T:1997-10-24T00:00:00	I:1	F:167.05	S:Save-a-lot Markets	S:187 Suffolk Ln.	S:Boise	S:ID	S:83720	S:USA
I:10714	S:SAVEA	I:5	T:1997-10-22T00:00:00	T:1997-11-19T00:00:00	T:1997-10-27T00:00:00	I:3	F:24.49	S:Save-a-lot Markets	S:187 Suffolk Ln.	S:Boise	S:ID	S:83720	S:USA
I:10719	S:LETSS	I:8	T:1997-10-27T00:00:00	T:1997-11-24T00:00:00	T:1997-11-05T00:00:00	I:2	F:51.44	S:Let's Stop N Shop	S:87 Polk St. Suite 5	S:San Francisco	S:CA	S:94117	S:USA
I:10722	S:SAVEA	I:8	T:1997-10-29T00:00:00	T:1997-12-10T00:00:00	T:1997-11-04T00:00:00	I:1	F:74.58	S:Save-a-lot Markets	S:187 Suffolk Ln.	S:Boise	S:ID	S:83720	S:USA
I:10723	S:WHITC	I:3	T:1997-10-30T00:00:00	T:1997-11-27T00:00:00	T:1997-11-25T00:00:00	I:1	F:21.72	S:White Clover Markets	S:1029 - 12th Ave. S.	S:Seattle	S:WA	S:98124	S:USA
I:10735	S:LETSS	I:6	T:1997-11-10T00:00:00	T:1997-12-08T00:00:00	T:1997-11-21T00:00:00	I:2	F:45.97	S:Let's Stop N Shop	S:87 Polk St. Suite 5	S:San Francisco	S:CA	S:94117	S:USA
I:10740	S:WHITC	I:4	T:1997-11-13T00:00:00	T:1997-12-11T00:00:00	T:1997-11-25T00:00:00	I:2	F:81.88	S:White Clover Markets	S:1029 - 12th Ave. S.	S:Seattle	S:WA	S:98124	S:USA
I:10748	S:SAVEA	I:3	T:1997-11-20T00:00:00	T:1997-12-18T00:00:00	T:1997-11-28T00:00:00	I:1	F:232.55	S:Save-a-lot Markets	S:187 Suffolk Ln.	S:Boise	S:ID	S:83720	S:USA
I:10756	S:SPLIR	I:8	T:1997-11-27T00:00:00	T:1997-12-25T00:00:00	T:1997-12-02T00:00:00	I:2	F:73.21	S:Split Rail Beer & Ale	S:P.O. Box 555	S:Lander	S:WY	S:82520	S:USA
I:10757	S:SAVEA	I:6	T:1997-11-27T00:00:00	T:1997-12-25T00:00:00	T:1997-12-15T00:00:00	I:1	F:8.19	S:Save-a-lot Markets	S:187 Suffolk Ln.	S:Boise	S:ID	S:83720	S:USA
I:10761	S:RATTC	I:5	T:1997-12-02T00:00:00	T:1997-12-30T00:00:00	T:1997-12-08T00:00:00	I:2	F:18.66	S:Rattlesnake Canyon Grocery	S:2817 Milton Dr.	S:Albuquerque	S:NM	S:87110	S:USA
I:10775	S:THECR	I:7	T:1997-12-12T00:00:00	T:1998-01-09T00:00:00	T:1997-12-26T00:00:00	I:1	F:20.25	S:The Cracker Box	S:55 Grizzly Peak Rd.	S:Butte	S:MT	S:59801	S:USA
I:10805	S:THEBI	I:2	T:1997-12-30T00:00:00	T:1998-01-27T00:00:00	T:1998-01-09T00:00:00	I:3	F:237.34	S:The Big Cheese	S:89 Jefferson Way Suite 2	S:Portland	S:OR	S:97201	S:USA
I:10808	S:OLDWO	I:2	T:1998-01-01T00:00:00	T:1998-01-29T00:00:00	T:1998-01-09T00:00:00	I:3	F:45.53	S:Old World Delicatessen	S:2743 Bering St.	S:Anchorage	S:AK	S:99508	S:USA
I:10815	S:SAVEA	I:2	T:1998-01-05T00:00:00	T:1998-02-02T00:00:00	T:1998-01-14T00:00:00	I:3	F:14.62	S:Save-a-lot Markets	S:187 Suffolk Ln.	S:Boise	S:ID	S:83720	S:USA
I:10816	S:GREAL	I:4	T:1998-01-06T00:00:00	T:1998-02-03T00:00:00	T:1998-02-04T00:00:00	I:2	F:719.78	S:Great Lakes Food Market	S:2732 Baker Blvd.	S:Eugene	S:OR	S:97403	S:USA
I:10820	S:RATTC	I:3	T:1998-01-07T00:00:00	T:1998-02-04T00:00:00	T:1998-01-13T00:00:00	I:2	F:37.52	S:Rattlesnake Canyon Grocery	S:2817 Milton Dr.	S:Albuquerque	S:NM	S:87110	S:USA
I:10821	S:SPLIR	I:1	T:1998-01-08T00:00:00	T:1998-02-05T00:00:00	T:1998-01-15T00:00:00	I:1	F:36.68	S:Split Rail Beer & Ale	S:P.O. Box 555	S:Lander	S:WY	S:82520	S:USA
I:10822	S:TRAIH	I:6	T:1998-01-08T00:00:00	T:1998-02-05T00:00:00	T:1998-01-16T00:00:00	I:3	F:7	S:Trail's Head Gourmet Provisioners	S:722 DaVinci Blvd.	S:Kirkland	S:WA	S:98034	S:USA
I:10847	S:SAVEA	I:4	T:1998-01-22T00:00:00	T:1998-02-05T00:00:00	T:1998-02-10T00:00:00	I:3	F:487.57	S:Save-a-lot Markets	S:187 Suffolk Ln.	S:Boise	S:ID	S:83720	S:USA
I:10852	S:RATTC	I:8	T:1998-01-26T00:00:00	T:1998-02-09T00:00:00	T:1998-01-30T00:00:00	I:1	F:174.05	S:Rattlesnake Canyon Grocery	S:2817 Milton Dr.	S:Albuquerque	S:NM	S:87110	S:USA
I:10855	S:OLDWO	I:3	T:1998-01-27T00:00:00	T:1998-02-24T00:00:00	T:1998-02-04T00:00:00	I:1	F:170.97	S:Old World Delicatessen	S:2743 Bering St.	S:Anchorage	S:AK	S:99508	S:USA
I:10861	S:WHITC	I:4	T:1998-01-30T00:00:00	T:1998-02-27T00:00:00	T:1998-02-17T00:00:00	I:2	F:14.93	S:White Clover Markets	S:1029 - 12th Ave. S.	S:Seattle	S:WA	S:98124	S:USA
I:10867	S:LONEP	I:6	T:1998-02-03T00:00:00	T:1998-03-17T00:00:00	T:1998-02-11T00:00:00	I:1	F:1.93	S:Lonesome Pine Restaurant	S:89 Chiaroscuro Rd.	S:Portland	S:OR	S:97219	S:USA
I:10882	S:SAVEA	I:4	T:1998-02-11T00:00:00	T:1998-03-11T00:00:00	T:1998-02-20T00:00:00	I:3	F:23.1	S:Save-a-lot Markets	S:187 Suffolk Ln.	S:Boise	S:ID	S:83720	S:USA
I:10883	S:LONEP	I:8	T:1998-02-12T00:00:00	T:1998-03-12T00:00:00	T:1998-02-20T00:00:00	I:3	F:0.53	S:Lonesome Pine Restaurant	S:89 Chiaroscuro Rd.	S:Portland	S:OR	S:97219	S:USA
I:10884	S:LETSS	I:4	T:1998-02-12T00:00:00	T:1998-03-12T00:00:00	T:1998-02-13T00:00:00	I:2	F:90.97	S:Let's Stop N Shop	S:87 Polk St. Suite 5	S:San Francisco	S:CA	S:94117	S:USA
I:10889	S:RATTC	I:9	T:1998-02-16T00:00:00	T:1998-03-16T00:00:00	T:1998-02-23T00:00:00	I:3	F:280.61	S:Rattlesnake Canyon Grocery	S:2817 Milton Dr.	S:Albuquerque	S:NM	S:87110	S:USA
I:10894	S:SAVEA	I:1	T:1998-02-18T00:00:00	T:1998-03-18T00:00:00	T:1998-02-20T00:00:00	I:1	F:116.13	S:Save-a-lot Markets	S:187 Suffolk Ln.	S:Boise	S:ID	S:83720	S:USA
I:10904	S:WHITC	I:3	T:1998-02-24T00:00:00	T:1998-03-24T00:00:00	T:1998-02-27T00:00:00	I:3	F:162.95	S:White Clover Markets	S:1029 - 12th Ave. S.	S:Seattle	S:WA	S:98124	S:USA
I:10936	S:GREAL	I:3	T:1998-03-09T00:00:00	T:1998-04-06T00:00:00	T:1998-03-18T00:00:00	I:2	F:33.68	S:Great Lakes Food Market	S:2732 Baker Blvd.	S:Eugene	S:OR	S:97403	S:USA
I:10941	S:SAVEA	I:7	T:1998-03-11T00:00:00	T:1998-04-08T00:00:00	T:1998-03-20T00:00:00	I:2	F:400.81	S:Save-a-lot Markets	S:187 Suffolk Ln.	S:Boise	S:ID	S:83720	S:USA
I:10965	S:OLDWO	I:6	T:1998-03-20T00:00:00	T:1998-04-17T00:00:00	T:1998-03-30T00:00:00	I:3	F:144.38	S:Old World Delicatessen	S:2743 Bering St.	S:Anchorage	S:AK	S:99508	S:USA
I:10974	S:SPLIR	I:3	T:1998-03-25T00:00:00	T:1998-04-08T00:00:00	T:1998-04-03T00:00:00	I:3	F:12.96	S:Split Rail Beer & Ale	S:P.O. Box 555	S:Lander	S:WY	S:82520	S:USA
I:10983	S:SAVEA	I:2	T:1998-03-27T00:00:00	T:1998-04-24T00:00:00	T:1998-04-06T00:00:00	I:2	F:657.54	S:Save-a-lot Markets	S:187 Suffolk Ln.	S:Boise	S:ID	S:83720	S:USA
I:10984	S:SAVEA	I:1	T:1998-03-30T00:00:00	T:1998-04-27T00:00:00	T:1998-04-03T00:00:00	I:3	F:211.22	S:Save-a-lot Markets	S:187 Suffolk Ln.	S:Boise	S:ID	S:83720	S:USA
I:10988	S:RATTC	I:3	T:1998-03-31T00:00:00	T:1998-04-28T00:00:00	T:1998-04-10T00:00:00	I:2	F:61.14	S:Rattlesnake Canyon Grocery	S:2817 Milton Dr.	S:Albuquerque	S:NM	S:87110	S:USA
I:10992	S:THEBI	I:1	T:1998-04-01T00:00:00	T:1998-04-29T00:00:00	T:1998-04-03T00:00:00	I:3	F:4.27	S:The Big Cheese	S:89 Jefferson Way Suite 2	S:Portland	S:OR	S:97201	S:USA
I:11000	S:RATTC	I:2	T:1998-04-06T00:00:00	T:1998-05-04T00:00:00	T:1998-04-14T00:00:00	I:3	F:55.12	S:Rattlesnake Canyon Grocery	S:2817 Milton Dr.	S:Albuquerque	S:NM	S:87110	S:USA
I:11002	S:SAVEA	I:4	T:1998-04-06T00:00:00	T:1998-05-04T00:00:00	T:1998-04-16T00:00:00	I:1	F:141.16	S:Save-a-lot Markets	S:187 Suffolk Ln.	S:Boise	S:ID	S:83720	S:USA
I:11003	S:THECR	I:3	T:1998-04-06T00:00:00	T:1998-05-04T00:00:00	T:1998-04-08T00:00:00	I:3	F:14.91	S:The Cracker Box	S:55 Grizzly Peak Rd.	S:Butte	S:MT	S:59801	S:USA
I:11006	S:GREAL	I:3	T:1998-04-07T00:00:00	T:1998-05-05T00:00:00	T:1998-04-15T00:00:00	I:2	F:25.19	S:Great Lakes Food Market	S:2732 Baker Blvd.	S:Eugene	S:OR	S:97403	S:USA
I:11018	S:LONEP	I:4	T:1998-04-13T00:00:00	T:1998-05-11T00:00:00	T:1998-04-16T00:00:00	I:2	F:11.65	S:Lonesome Pine Restaurant	S:89 Chiaroscuro Rd.	S:Portland	S:OR	S:97219	S:USA
I:11030	S:SAVEA	I:7	T:1998-04-17T00:00:00	T:1998-05-15T00:00:00	T:1998-04-27T00:00:00	I:2	F:830.75	S:Save-a-lot Markets	S:187 Suffolk Ln.	S:Boise	S:ID	S:83720	S:USA
I:11031	S:SAVEA	I:6	T:1998-04-17T00:00:00	T:1998-05-15T00:00:00	T:1998-04-24T00:00:00	I:2	F:227.22	S:Save-a-lot Markets	S:187 Suffolk Ln.	S:Boise	S:ID	S:83720	S:USA
I:11032	S:WHITC	I:2	T:1998-04-17T00:00:00	T:1998-05-15T00:00:00	T:1998-04-23T00:00:00	I:3	F:606.19	S:White Clover Markets	S:1029 - 12th Ave. S.	S:Seattle	S:WA	S:98124	S:USA
I:11034	S:OLDWO	I:8	T:1998-04-20T00:00:00	T:1998-06-01T00:00:00	T:1998-04-27T00:00:00	I:1	F:40.32	S:Old World Delicatessen	S:2743 Bering St.	S:Anchorage	S:AK	S:99508	S:USA
I:11040	S:GREAL	I:4	T:1998-04-22T00:00:00	T:1998-05-20T00:00:00	~N~	I:3	F:18.84	S:Great Lakes Food Market	S:2732 Baker Blvd.	S:Eugene	S:OR	S:97403	S:USA
I:11061	S:GREAL	I:4	T:1998-04-30T00:00:00	T:1998-06-11T00:00:00	~N~	I:3	F:14.01	S:Great Lakes Food Market	S:2732 Baker Blvd.	S:Eugene	S:OR	S:97403	S:USA
I:11064	S:SAVEA	I:1	T:1998-05-01T00:00:00	T:1998-05-29T00:00:00	T:1998-05-04T00:00:00	I:1	F:30.09	S:Save-a-lot Markets	S:187 Suffolk Ln.	S:Boise	S:ID	S:83720	S:USA
I:11066	S:WHITC	I:7	T:1998-05-01T00:00:00	T:1998-05-29T00:00:00	T:1998-05-04T00:00:00	I:2	F:44.72	S:White Clover Markets	S:1029 - 12th Ave. S.	S:Seattle	S:WA	S:98124	S:USA
I:11077	S:RATTC	I:1	T:1998-05-06T00:00:00	T:1998-06-03T00:00:00	~N~	I:2	F:8.53	S:Rattlesnake Canyon Grocery	S:2817 Milton Dr.	S:Albuquerque	S:NM	S:87110	S:USA
